,mda_round,beta,cr_factor,mda_coverage,strategy,b_drug
0,0,0.06413,1,0.6,AAB,DHAPPQ
1,0,0.06413,1,0.6,ABA,DHAPPQ
2,0,0.06413,1,0.6,ABB,DHAPPQ
3,0,0.06413,1,0.6,AAB,KAFLUM
4,0,0.06413,1,0.6,ABA,KAFLUM
5,0,0.06413,1,0.6,ABB,KAFLUM
6,0,0.06413,1,0.7,AAB,DHAPPQ
7,0,0.06413,1,0.7,ABA,DHAPPQ
8,0,0.06413,1,0.7,ABB,DHAPPQ
9,0,0.06413,1,0.7,AAB,KAFLUM
10,0,0.06413,1,0.7,ABA,KAFLUM
11,0,0.06413,1,0.7,ABB,KAFLUM
12,0,0.06413,1,0.8,AAB,DHAPPQ
13,0,0.06413,1,0.8,ABA,DHAPPQ
14,0,0.06413,1,0.8,ABB,DHAPPQ
15,0,0.06413,1,0.8,AAB,KAFLUM
16,0,0.06413,1,0.8,ABA,KAFLUM
17,0,0.06413,1,0.8,ABB,KAFLUM
18,0,0.06413,1,0.9,AAB,DHAPPQ
19,0,0.06413,1,0.9,ABA,DHAPPQ
20,0,0.06413,1,0.9,ABB,DHAPPQ
21,0,0.06413,1,0.9,AAB,KAFLUM
22,0,0.06413,1,0.9,ABA,KAFLUM
23,0,0.06413,1,0.9,ABB,KAFLUM
24,0,0.06413,2,0.6,AAB,DHAPPQ
25,0,0.06413,2,0.6,ABA,DHAPPQ
26,0,0.06413,2,0.6,ABB,DHAPPQ
27,0,0.06413,2,0.6,AAB,KAFLUM
28,0,0.06413,2,0.6,ABA,KAFLUM
29,0,0.06413,2,0.6,ABB,KAFLUM
30,0,0.06413,2,0.7,AAB,DHAPPQ
31,0,0.06413,2,0.7,ABA,DHAPPQ
32,0,0.06413,2,0.7,ABB,DHAPPQ
33,0,0.06413,2,0.7,AAB,KAFLUM
34,0,0.06413,2,0.7,ABA,KAFLUM
35,0,0.06413,2,0.7,ABB,KAFLUM
36,0,0.06413,2,0.8,AAB,DHAPPQ
37,0,0.06413,2,0.8,ABA,DHAPPQ
38,0,0.06413,2,0.8,ABB,DHAPPQ
39,0,0.06413,2,0.8,AAB,KAFLUM
40,0,0.06413,2,0.8,ABA,KAFLUM
41,0,0.06413,2,0.8,ABB,KAFLUM
42,0,0.06413,2,0.9,AAB,DHAPPQ
43,0,0.06413,2,0.9,ABA,DHAPPQ
44,0,0.06413,2,0.9,ABB,DHAPPQ
45,0,0.06413,2,0.9,AAB,KAFLUM
46,0,0.06413,2,0.9,ABA,KAFLUM
47,0,0.06413,2,0.9,ABB,KAFLUM
48,0,0.06413,5,0.6,AAB,DHAPPQ
49,0,0.06413,5,0.6,ABA,DHAPPQ
50,0,0.06413,5,0.6,ABB,DHAPPQ
51,0,0.06413,5,0.6,AAB,KAFLUM
52,0,0.06413,5,0.6,ABA,KAFLUM
53,0,0.06413,5,0.6,ABB,KAFLUM
54,0,0.06413,5,0.7,AAB,DHAPPQ
55,0,0.06413,5,0.7,ABA,DHAPPQ
56,0,0.06413,5,0.7,ABB,DHAPPQ
57,0,0.06413,5,0.7,AAB,KAFLUM
58,0,0.06413,5,0.7,ABA,KAFLUM
59,0,0.06413,5,0.7,ABB,KAFLUM
60,0,0.06413,5,0.8,AAB,DHAPPQ
61,0,0.06413,5,0.8,ABA,DHAPPQ
62,0,0.06413,5,0.8,ABB,DHAPPQ
63,0,0.06413,5,0.8,AAB,KAFLUM
64,0,0.06413,5,0.8,ABA,KAFLUM
65,0,0.06413,5,0.8,ABB,KAFLUM
66,0,0.06413,5,0.9,AAB,DHAPPQ
67,0,0.06413,5,0.9,ABA,DHAPPQ
68,0,0.06413,5,0.9,ABB,DHAPPQ
69,0,0.06413,5,0.9,AAB,KAFLUM
70,0,0.06413,5,0.9,ABA,KAFLUM
71,0,0.06413,5,0.9,ABB,KAFLUM
72,0,0.06413,10,0.6,AAB,DHAPPQ
73,0,0.06413,10,0.6,ABA,DHAPPQ
74,0,0.06413,10,0.6,ABB,DHAPPQ
75,0,0.06413,10,0.6,AAB,KAFLUM
76,0,0.06413,10,0.6,ABA,KAFLUM
77,0,0.06413,10,0.6,ABB,KAFLUM
78,0,0.06413,10,0.7,AAB,DHAPPQ
79,0,0.06413,10,0.7,ABA,DHAPPQ
80,0,0.06413,10,0.7,ABB,DHAPPQ
81,0,0.06413,10,0.7,AAB,KAFLUM
82,0,0.06413,10,0.7,ABA,KAFLUM
83,0,0.06413,10,0.7,ABB,KAFLUM
84,0,0.06413,10,0.8,AAB,DHAPPQ
85,0,0.06413,10,0.8,ABA,DHAPPQ
86,0,0.06413,10,0.8,ABB,DHAPPQ
87,0,0.06413,10,0.8,AAB,KAFLUM
88,0,0.06413,10,0.8,ABA,KAFLUM
89,0,0.06413,10,0.8,ABB,KAFLUM
90,0,0.06413,10,0.9,AAB,DHAPPQ
91,0,0.06413,10,0.9,ABA,DHAPPQ
92,0,0.06413,10,0.9,ABB,DHAPPQ
93,0,0.06413,10,0.9,AAB,KAFLUM
94,0,0.06413,10,0.9,ABA,KAFLUM
95,0,0.06413,10,0.9,ABB,KAFLUM
96,0,0.0585,1,0.6,AAB,DHAPPQ
97,0,0.0585,1,0.6,ABA,DHAPPQ
98,0,0.0585,1,0.6,ABB,DHAPPQ
99,0,0.0585,1,0.6,AAB,KAFLUM
100,0,0.0585,1,0.6,ABA,KAFLUM
101,0,0.0585,1,0.6,ABB,KAFLUM
102,0,0.0585,1,0.7,AAB,DHAPPQ
103,0,0.0585,1,0.7,ABA,DHAPPQ
104,0,0.0585,1,0.7,ABB,DHAPPQ
105,0,0.0585,1,0.7,AAB,KAFLUM
106,0,0.0585,1,0.7,ABA,KAFLUM
107,0,0.0585,1,0.7,ABB,KAFLUM
108,0,0.0585,1,0.8,AAB,DHAPPQ
109,0,0.0585,1,0.8,ABA,DHAPPQ
110,0,0.0585,1,0.8,ABB,DHAPPQ
111,0,0.0585,1,0.8,AAB,KAFLUM
112,0,0.0585,1,0.8,ABA,KAFLUM
113,0,0.0585,1,0.8,ABB,KAFLUM
114,0,0.0585,1,0.9,AAB,DHAPPQ
115,0,0.0585,1,0.9,ABA,DHAPPQ
116,0,0.0585,1,0.9,ABB,DHAPPQ
117,0,0.0585,1,0.9,AAB,KAFLUM
118,0,0.0585,1,0.9,ABA,KAFLUM
119,0,0.0585,1,0.9,ABB,KAFLUM
120,0,0.0585,2,0.6,AAB,DHAPPQ
121,0,0.0585,2,0.6,ABA,DHAPPQ
122,0,0.0585,2,0.6,ABB,DHAPPQ
123,0,0.0585,2,0.6,AAB,KAFLUM
124,0,0.0585,2,0.6,ABA,KAFLUM
125,0,0.0585,2,0.6,ABB,KAFLUM
126,0,0.0585,2,0.7,AAB,DHAPPQ
127,0,0.0585,2,0.7,ABA,DHAPPQ
128,0,0.0585,2,0.7,ABB,DHAPPQ
129,0,0.0585,2,0.7,AAB,KAFLUM
130,0,0.0585,2,0.7,ABA,KAFLUM
131,0,0.0585,2,0.7,ABB,KAFLUM
132,0,0.0585,2,0.8,AAB,DHAPPQ
133,0,0.0585,2,0.8,ABA,DHAPPQ
134,0,0.0585,2,0.8,ABB,DHAPPQ
135,0,0.0585,2,0.8,AAB,KAFLUM
136,0,0.0585,2,0.8,ABA,KAFLUM
137,0,0.0585,2,0.8,ABB,KAFLUM
138,0,0.0585,2,0.9,AAB,DHAPPQ
139,0,0.0585,2,0.9,ABA,DHAPPQ
140,0,0.0585,2,0.9,ABB,DHAPPQ
141,0,0.0585,2,0.9,AAB,KAFLUM
142,0,0.0585,2,0.9,ABA,KAFLUM
143,0,0.0585,2,0.9,ABB,KAFLUM
144,0,0.0585,5,0.6,AAB,DHAPPQ
145,0,0.0585,5,0.6,ABA,DHAPPQ
146,0,0.0585,5,0.6,ABB,DHAPPQ
147,0,0.0585,5,0.6,AAB,KAFLUM
148,0,0.0585,5,0.6,ABA,KAFLUM
149,0,0.0585,5,0.6,ABB,KAFLUM
150,0,0.0585,5,0.7,AAB,DHAPPQ
151,0,0.0585,5,0.7,ABA,DHAPPQ
152,0,0.0585,5,0.7,ABB,DHAPPQ
153,0,0.0585,5,0.7,AAB,KAFLUM
154,0,0.0585,5,0.7,ABA,KAFLUM
155,0,0.0585,5,0.7,ABB,KAFLUM
156,0,0.0585,5,0.8,AAB,DHAPPQ
157,0,0.0585,5,0.8,ABA,DHAPPQ
158,0,0.0585,5,0.8,ABB,DHAPPQ
159,0,0.0585,5,0.8,AAB,KAFLUM
160,0,0.0585,5,0.8,ABA,KAFLUM
161,0,0.0585,5,0.8,ABB,KAFLUM
162,0,0.0585,5,0.9,AAB,DHAPPQ
163,0,0.0585,5,0.9,ABA,DHAPPQ
164,0,0.0585,5,0.9,ABB,DHAPPQ
165,0,0.0585,5,0.9,AAB,KAFLUM
166,0,0.0585,5,0.9,ABA,KAFLUM
167,0,0.0585,5,0.9,ABB,KAFLUM
168,0,0.0585,10,0.6,AAB,DHAPPQ
169,0,0.0585,10,0.6,ABA,DHAPPQ
170,0,0.0585,10,0.6,ABB,DHAPPQ
171,0,0.0585,10,0.6,AAB,KAFLUM
172,0,0.0585,10,0.6,ABA,KAFLUM
173,0,0.0585,10,0.6,ABB,KAFLUM
174,0,0.0585,10,0.7,AAB,DHAPPQ
175,0,0.0585,10,0.7,ABA,DHAPPQ
176,0,0.0585,10,0.7,ABB,DHAPPQ
177,0,0.0585,10,0.7,AAB,KAFLUM
178,0,0.0585,10,0.7,ABA,KAFLUM
179,0,0.0585,10,0.7,ABB,KAFLUM
180,0,0.0585,10,0.8,AAB,DHAPPQ
181,0,0.0585,10,0.8,ABA,DHAPPQ
182,0,0.0585,10,0.8,ABB,DHAPPQ
183,0,0.0585,10,0.8,AAB,KAFLUM
184,0,0.0585,10,0.8,ABA,KAFLUM
185,0,0.0585,10,0.8,ABB,KAFLUM
186,0,0.0585,10,0.9,AAB,DHAPPQ
187,0,0.0585,10,0.9,ABA,DHAPPQ
188,0,0.0585,10,0.9,ABB,DHAPPQ
189,0,0.0585,10,0.9,AAB,KAFLUM
190,0,0.0585,10,0.9,ABA,KAFLUM
191,0,0.0585,10,0.9,ABB,KAFLUM
192,0,0.0538,1,0.6,AAB,DHAPPQ
193,0,0.0538,1,0.6,ABA,DHAPPQ
194,0,0.0538,1,0.6,ABB,DHAPPQ
195,0,0.0538,1,0.6,AAB,KAFLUM
196,0,0.0538,1,0.6,ABA,KAFLUM
197,0,0.0538,1,0.6,ABB,KAFLUM
198,0,0.0538,1,0.7,AAB,DHAPPQ
199,0,0.0538,1,0.7,ABA,DHAPPQ
200,0,0.0538,1,0.7,ABB,DHAPPQ
201,0,0.0538,1,0.7,AAB,KAFLUM
202,0,0.0538,1,0.7,ABA,KAFLUM
203,0,0.0538,1,0.7,ABB,KAFLUM
204,0,0.0538,1,0.8,AAB,DHAPPQ
205,0,0.0538,1,0.8,ABA,DHAPPQ
206,0,0.0538,1,0.8,ABB,DHAPPQ
207,0,0.0538,1,0.8,AAB,KAFLUM
208,0,0.0538,1,0.8,ABA,KAFLUM
209,0,0.0538,1,0.8,ABB,KAFLUM
210,0,0.0538,1,0.9,AAB,DHAPPQ
211,0,0.0538,1,0.9,ABA,DHAPPQ
212,0,0.0538,1,0.9,ABB,DHAPPQ
213,0,0.0538,1,0.9,AAB,KAFLUM
214,0,0.0538,1,0.9,ABA,KAFLUM
215,0,0.0538,1,0.9,ABB,KAFLUM
216,0,0.0538,2,0.6,AAB,DHAPPQ
217,0,0.0538,2,0.6,ABA,DHAPPQ
218,0,0.0538,2,0.6,ABB,DHAPPQ
219,0,0.0538,2,0.6,AAB,KAFLUM
220,0,0.0538,2,0.6,ABA,KAFLUM
221,0,0.0538,2,0.6,ABB,KAFLUM
222,0,0.0538,2,0.7,AAB,DHAPPQ
223,0,0.0538,2,0.7,ABA,DHAPPQ
224,0,0.0538,2,0.7,ABB,DHAPPQ
225,0,0.0538,2,0.7,AAB,KAFLUM
226,0,0.0538,2,0.7,ABA,KAFLUM
227,0,0.0538,2,0.7,ABB,KAFLUM
228,0,0.0538,2,0.8,AAB,DHAPPQ
229,0,0.0538,2,0.8,ABA,DHAPPQ
230,0,0.0538,2,0.8,ABB,DHAPPQ
231,0,0.0538,2,0.8,AAB,KAFLUM
232,0,0.0538,2,0.8,ABA,KAFLUM
233,0,0.0538,2,0.8,ABB,KAFLUM
234,0,0.0538,2,0.9,AAB,DHAPPQ
235,0,0.0538,2,0.9,ABA,DHAPPQ
236,0,0.0538,2,0.9,ABB,DHAPPQ
237,0,0.0538,2,0.9,AAB,KAFLUM
238,0,0.0538,2,0.9,ABA,KAFLUM
239,0,0.0538,2,0.9,ABB,KAFLUM
240,0,0.0538,5,0.6,AAB,DHAPPQ
241,0,0.0538,5,0.6,ABA,DHAPPQ
242,0,0.0538,5,0.6,ABB,DHAPPQ
243,0,0.0538,5,0.6,AAB,KAFLUM
244,0,0.0538,5,0.6,ABA,KAFLUM
245,0,0.0538,5,0.6,ABB,KAFLUM
246,0,0.0538,5,0.7,AAB,DHAPPQ
247,0,0.0538,5,0.7,ABA,DHAPPQ
248,0,0.0538,5,0.7,ABB,DHAPPQ
249,0,0.0538,5,0.7,AAB,KAFLUM
250,0,0.0538,5,0.7,ABA,KAFLUM
251,0,0.0538,5,0.7,ABB,KAFLUM
252,0,0.0538,5,0.8,AAB,DHAPPQ
253,0,0.0538,5,0.8,ABA,DHAPPQ
254,0,0.0538,5,0.8,ABB,DHAPPQ
255,0,0.0538,5,0.8,AAB,KAFLUM
256,0,0.0538,5,0.8,ABA,KAFLUM
257,0,0.0538,5,0.8,ABB,KAFLUM
258,0,0.0538,5,0.9,AAB,DHAPPQ
259,0,0.0538,5,0.9,ABA,DHAPPQ
260,0,0.0538,5,0.9,ABB,DHAPPQ
261,0,0.0538,5,0.9,AAB,KAFLUM
262,0,0.0538,5,0.9,ABA,KAFLUM
263,0,0.0538,5,0.9,ABB,KAFLUM
264,0,0.0538,10,0.6,AAB,DHAPPQ
265,0,0.0538,10,0.6,ABA,DHAPPQ
266,0,0.0538,10,0.6,ABB,DHAPPQ
267,0,0.0538,10,0.6,AAB,KAFLUM
268,0,0.0538,10,0.6,ABA,KAFLUM
269,0,0.0538,10,0.6,ABB,KAFLUM
270,0,0.0538,10,0.7,AAB,DHAPPQ
271,0,0.0538,10,0.7,ABA,DHAPPQ
272,0,0.0538,10,0.7,ABB,DHAPPQ
273,0,0.0538,10,0.7,AAB,KAFLUM
274,0,0.0538,10,0.7,ABA,KAFLUM
275,0,0.0538,10,0.7,ABB,KAFLUM
276,0,0.0538,10,0.8,AAB,DHAPPQ
277,0,0.0538,10,0.8,ABA,DHAPPQ
278,0,0.0538,10,0.8,ABB,DHAPPQ
279,0,0.0538,10,0.8,AAB,KAFLUM
280,0,0.0538,10,0.8,ABA,KAFLUM
281,0,0.0538,10,0.8,ABB,KAFLUM
282,0,0.0538,10,0.9,AAB,DHAPPQ
283,0,0.0538,10,0.9,ABA,DHAPPQ
284,0,0.0538,10,0.9,ABB,DHAPPQ
285,0,0.0538,10,0.9,AAB,KAFLUM
286,0,0.0538,10,0.9,ABA,KAFLUM
287,0,0.0538,10,0.9,ABB,KAFLUM
288,0,0.0508,1,0.6,AAB,DHAPPQ
289,0,0.0508,1,0.6,ABA,DHAPPQ
290,0,0.0508,1,0.6,ABB,DHAPPQ
291,0,0.0508,1,0.6,AAB,KAFLUM
292,0,0.0508,1,0.6,ABA,KAFLUM
293,0,0.0508,1,0.6,ABB,KAFLUM
294,0,0.0508,1,0.7,AAB,DHAPPQ
295,0,0.0508,1,0.7,ABA,DHAPPQ
296,0,0.0508,1,0.7,ABB,DHAPPQ
297,0,0.0508,1,0.7,AAB,KAFLUM
298,0,0.0508,1,0.7,ABA,KAFLUM
299,0,0.0508,1,0.7,ABB,KAFLUM
300,0,0.0508,1,0.8,AAB,DHAPPQ
301,0,0.0508,1,0.8,ABA,DHAPPQ
302,0,0.0508,1,0.8,ABB,DHAPPQ
303,0,0.0508,1,0.8,AAB,KAFLUM
304,0,0.0508,1,0.8,ABA,KAFLUM
305,0,0.0508,1,0.8,ABB,KAFLUM
306,0,0.0508,1,0.9,AAB,DHAPPQ
307,0,0.0508,1,0.9,ABA,DHAPPQ
308,0,0.0508,1,0.9,ABB,DHAPPQ
309,0,0.0508,1,0.9,AAB,KAFLUM
310,0,0.0508,1,0.9,ABA,KAFLUM
311,0,0.0508,1,0.9,ABB,KAFLUM
312,0,0.0508,2,0.6,AAB,DHAPPQ
313,0,0.0508,2,0.6,ABA,DHAPPQ
314,0,0.0508,2,0.6,ABB,DHAPPQ
315,0,0.0508,2,0.6,AAB,KAFLUM
316,0,0.0508,2,0.6,ABA,KAFLUM
317,0,0.0508,2,0.6,ABB,KAFLUM
318,0,0.0508,2,0.7,AAB,DHAPPQ
319,0,0.0508,2,0.7,ABA,DHAPPQ
320,0,0.0508,2,0.7,ABB,DHAPPQ
321,0,0.0508,2,0.7,AAB,KAFLUM
322,0,0.0508,2,0.7,ABA,KAFLUM
323,0,0.0508,2,0.7,ABB,KAFLUM
324,0,0.0508,2,0.8,AAB,DHAPPQ
325,0,0.0508,2,0.8,ABA,DHAPPQ
326,0,0.0508,2,0.8,ABB,DHAPPQ
327,0,0.0508,2,0.8,AAB,KAFLUM
328,0,0.0508,2,0.8,ABA,KAFLUM
329,0,0.0508,2,0.8,ABB,KAFLUM
330,0,0.0508,2,0.9,AAB,DHAPPQ
331,0,0.0508,2,0.9,ABA,DHAPPQ
332,0,0.0508,2,0.9,ABB,DHAPPQ
333,0,0.0508,2,0.9,AAB,KAFLUM
334,0,0.0508,2,0.9,ABA,KAFLUM
335,0,0.0508,2,0.9,ABB,KAFLUM
336,0,0.0508,5,0.6,AAB,DHAPPQ
337,0,0.0508,5,0.6,ABA,DHAPPQ
338,0,0.0508,5,0.6,ABB,DHAPPQ
339,0,0.0508,5,0.6,AAB,KAFLUM
340,0,0.0508,5,0.6,ABA,KAFLUM
341,0,0.0508,5,0.6,ABB,KAFLUM
342,0,0.0508,5,0.7,AAB,DHAPPQ
343,0,0.0508,5,0.7,ABA,DHAPPQ
344,0,0.0508,5,0.7,ABB,DHAPPQ
345,0,0.0508,5,0.7,AAB,KAFLUM
346,0,0.0508,5,0.7,ABA,KAFLUM
347,0,0.0508,5,0.7,ABB,KAFLUM
348,0,0.0508,5,0.8,AAB,DHAPPQ
349,0,0.0508,5,0.8,ABA,DHAPPQ
350,0,0.0508,5,0.8,ABB,DHAPPQ
351,0,0.0508,5,0.8,AAB,KAFLUM
352,0,0.0508,5,0.8,ABA,KAFLUM
353,0,0.0508,5,0.8,ABB,KAFLUM
354,0,0.0508,5,0.9,AAB,DHAPPQ
355,0,0.0508,5,0.9,ABA,DHAPPQ
356,0,0.0508,5,0.9,ABB,DHAPPQ
357,0,0.0508,5,0.9,AAB,KAFLUM
358,0,0.0508,5,0.9,ABA,KAFLUM
359,0,0.0508,5,0.9,ABB,KAFLUM
360,0,0.0508,10,0.6,AAB,DHAPPQ
361,0,0.0508,10,0.6,ABA,DHAPPQ
362,0,0.0508,10,0.6,ABB,DHAPPQ
363,0,0.0508,10,0.6,AAB,KAFLUM
364,0,0.0508,10,0.6,ABA,KAFLUM
365,0,0.0508,10,0.6,ABB,KAFLUM
366,0,0.0508,10,0.7,AAB,DHAPPQ
367,0,0.0508,10,0.7,ABA,DHAPPQ
368,0,0.0508,10,0.7,ABB,DHAPPQ
369,0,0.0508,10,0.7,AAB,KAFLUM
370,0,0.0508,10,0.7,ABA,KAFLUM
371,0,0.0508,10,0.7,ABB,KAFLUM
372,0,0.0508,10,0.8,AAB,DHAPPQ
373,0,0.0508,10,0.8,ABA,DHAPPQ
374,0,0.0508,10,0.8,ABB,DHAPPQ
375,0,0.0508,10,0.8,AAB,KAFLUM
376,0,0.0508,10,0.8,ABA,KAFLUM
377,0,0.0508,10,0.8,ABB,KAFLUM
378,0,0.0508,10,0.9,AAB,DHAPPQ
379,0,0.0508,10,0.9,ABA,DHAPPQ
380,0,0.0508,10,0.9,ABB,DHAPPQ
381,0,0.0508,10,0.9,AAB,KAFLUM
382,0,0.0508,10,0.9,ABA,KAFLUM
383,0,0.0508,10,0.9,ABB,KAFLUM
384,0,0.0475,1,0.6,AAB,DHAPPQ
385,0,0.0475,1,0.6,ABA,DHAPPQ
386,0,0.0475,1,0.6,ABB,DHAPPQ
387,0,0.0475,1,0.6,AAB,KAFLUM
388,0,0.0475,1,0.6,ABA,KAFLUM
389,0,0.0475,1,0.6,ABB,KAFLUM
390,0,0.0475,1,0.7,AAB,DHAPPQ
391,0,0.0475,1,0.7,ABA,DHAPPQ
392,0,0.0475,1,0.7,ABB,DHAPPQ
393,0,0.0475,1,0.7,AAB,KAFLUM
394,0,0.0475,1,0.7,ABA,KAFLUM
395,0,0.0475,1,0.7,ABB,KAFLUM
396,0,0.0475,1,0.8,AAB,DHAPPQ
397,0,0.0475,1,0.8,ABA,DHAPPQ
398,0,0.0475,1,0.8,ABB,DHAPPQ
399,0,0.0475,1,0.8,AAB,KAFLUM
400,0,0.0475,1,0.8,ABA,KAFLUM
401,0,0.0475,1,0.8,ABB,KAFLUM
402,0,0.0475,1,0.9,AAB,DHAPPQ
403,0,0.0475,1,0.9,ABA,DHAPPQ
404,0,0.0475,1,0.9,ABB,DHAPPQ
405,0,0.0475,1,0.9,AAB,KAFLUM
406,0,0.0475,1,0.9,ABA,KAFLUM
407,0,0.0475,1,0.9,ABB,KAFLUM
408,0,0.0475,2,0.6,AAB,DHAPPQ
409,0,0.0475,2,0.6,ABA,DHAPPQ
410,0,0.0475,2,0.6,ABB,DHAPPQ
411,0,0.0475,2,0.6,AAB,KAFLUM
412,0,0.0475,2,0.6,ABA,KAFLUM
413,0,0.0475,2,0.6,ABB,KAFLUM
414,0,0.0475,2,0.7,AAB,DHAPPQ
415,0,0.0475,2,0.7,ABA,DHAPPQ
416,0,0.0475,2,0.7,ABB,DHAPPQ
417,0,0.0475,2,0.7,AAB,KAFLUM
418,0,0.0475,2,0.7,ABA,KAFLUM
419,0,0.0475,2,0.7,ABB,KAFLUM
420,0,0.0475,2,0.8,AAB,DHAPPQ
421,0,0.0475,2,0.8,ABA,DHAPPQ
422,0,0.0475,2,0.8,ABB,DHAPPQ
423,0,0.0475,2,0.8,AAB,KAFLUM
424,0,0.0475,2,0.8,ABA,KAFLUM
425,0,0.0475,2,0.8,ABB,KAFLUM
426,0,0.0475,2,0.9,AAB,DHAPPQ
427,0,0.0475,2,0.9,ABA,DHAPPQ
428,0,0.0475,2,0.9,ABB,DHAPPQ
429,0,0.0475,2,0.9,AAB,KAFLUM
430,0,0.0475,2,0.9,ABA,KAFLUM
431,0,0.0475,2,0.9,ABB,KAFLUM
432,0,0.0475,5,0.6,AAB,DHAPPQ
433,0,0.0475,5,0.6,ABA,DHAPPQ
434,0,0.0475,5,0.6,ABB,DHAPPQ
435,0,0.0475,5,0.6,AAB,KAFLUM
436,0,0.0475,5,0.6,ABA,KAFLUM
437,0,0.0475,5,0.6,ABB,KAFLUM
438,0,0.0475,5,0.7,AAB,DHAPPQ
439,0,0.0475,5,0.7,ABA,DHAPPQ
440,0,0.0475,5,0.7,ABB,DHAPPQ
441,0,0.0475,5,0.7,AAB,KAFLUM
442,0,0.0475,5,0.7,ABA,KAFLUM
443,0,0.0475,5,0.7,ABB,KAFLUM
444,0,0.0475,5,0.8,AAB,DHAPPQ
445,0,0.0475,5,0.8,ABA,DHAPPQ
446,0,0.0475,5,0.8,ABB,DHAPPQ
447,0,0.0475,5,0.8,AAB,KAFLUM
448,0,0.0475,5,0.8,ABA,KAFLUM
449,0,0.0475,5,0.8,ABB,KAFLUM
450,0,0.0475,5,0.9,AAB,DHAPPQ
451,0,0.0475,5,0.9,ABA,DHAPPQ
452,0,0.0475,5,0.9,ABB,DHAPPQ
453,0,0.0475,5,0.9,AAB,KAFLUM
454,0,0.0475,5,0.9,ABA,KAFLUM
455,0,0.0475,5,0.9,ABB,KAFLUM
456,0,0.0475,10,0.6,AAB,DHAPPQ
457,0,0.0475,10,0.6,ABA,DHAPPQ
458,0,0.0475,10,0.6,ABB,DHAPPQ
459,0,0.0475,10,0.6,AAB,KAFLUM
460,0,0.0475,10,0.6,ABA,KAFLUM
461,0,0.0475,10,0.6,ABB,KAFLUM
462,0,0.0475,10,0.7,AAB,DHAPPQ
463,0,0.0475,10,0.7,ABA,DHAPPQ
464,0,0.0475,10,0.7,ABB,DHAPPQ
465,0,0.0475,10,0.7,AAB,KAFLUM
466,0,0.0475,10,0.7,ABA,KAFLUM
467,0,0.0475,10,0.7,ABB,KAFLUM
468,0,0.0475,10,0.8,AAB,DHAPPQ
469,0,0.0475,10,0.8,ABA,DHAPPQ
470,0,0.0475,10,0.8,ABB,DHAPPQ
471,0,0.0475,10,0.8,AAB,KAFLUM
472,0,0.0475,10,0.8,ABA,KAFLUM
473,0,0.0475,10,0.8,ABB,KAFLUM
474,0,0.0475,10,0.9,AAB,DHAPPQ
475,0,0.0475,10,0.9,ABA,DHAPPQ
476,0,0.0475,10,0.9,ABB,DHAPPQ
477,0,0.0475,10,0.9,AAB,KAFLUM
478,0,0.0475,10,0.9,ABA,KAFLUM
479,0,0.0475,10,0.9,ABB,KAFLUM
480,1,0.06413,1,0.6,AAB,DHAPPQ
481,1,0.06413,1,0.6,ABA,DHAPPQ
482,1,0.06413,1,0.6,ABB,DHAPPQ
483,1,0.06413,1,0.6,AAB,KAFLUM
484,1,0.06413,1,0.6,ABA,KAFLUM
485,1,0.06413,1,0.6,ABB,KAFLUM
486,1,0.06413,1,0.7,AAB,DHAPPQ
487,1,0.06413,1,0.7,ABA,DHAPPQ
488,1,0.06413,1,0.7,ABB,DHAPPQ
489,1,0.06413,1,0.7,AAB,KAFLUM
490,1,0.06413,1,0.7,ABA,KAFLUM
491,1,0.06413,1,0.7,ABB,KAFLUM
492,1,0.06413,1,0.8,AAB,DHAPPQ
493,1,0.06413,1,0.8,ABA,DHAPPQ
494,1,0.06413,1,0.8,ABB,DHAPPQ
495,1,0.06413,1,0.8,AAB,KAFLUM
496,1,0.06413,1,0.8,ABA,KAFLUM
497,1,0.06413,1,0.8,ABB,KAFLUM
498,1,0.06413,1,0.9,AAB,DHAPPQ
499,1,0.06413,1,0.9,ABA,DHAPPQ
500,1,0.06413,1,0.9,ABB,DHAPPQ
501,1,0.06413,1,0.9,AAB,KAFLUM
502,1,0.06413,1,0.9,ABA,KAFLUM
503,1,0.06413,1,0.9,ABB,KAFLUM
504,1,0.06413,2,0.6,AAB,DHAPPQ
505,1,0.06413,2,0.6,ABA,DHAPPQ
506,1,0.06413,2,0.6,ABB,DHAPPQ
507,1,0.06413,2,0.6,AAB,KAFLUM
508,1,0.06413,2,0.6,ABA,KAFLUM
509,1,0.06413,2,0.6,ABB,KAFLUM
510,1,0.06413,2,0.7,AAB,DHAPPQ
511,1,0.06413,2,0.7,ABA,DHAPPQ
512,1,0.06413,2,0.7,ABB,DHAPPQ
513,1,0.06413,2,0.7,AAB,KAFLUM
514,1,0.06413,2,0.7,ABA,KAFLUM
515,1,0.06413,2,0.7,ABB,KAFLUM
516,1,0.06413,2,0.8,AAB,DHAPPQ
517,1,0.06413,2,0.8,ABA,DHAPPQ
518,1,0.06413,2,0.8,ABB,DHAPPQ
519,1,0.06413,2,0.8,AAB,KAFLUM
520,1,0.06413,2,0.8,ABA,KAFLUM
521,1,0.06413,2,0.8,ABB,KAFLUM
522,1,0.06413,2,0.9,AAB,DHAPPQ
523,1,0.06413,2,0.9,ABA,DHAPPQ
524,1,0.06413,2,0.9,ABB,DHAPPQ
525,1,0.06413,2,0.9,AAB,KAFLUM
526,1,0.06413,2,0.9,ABA,KAFLUM
527,1,0.06413,2,0.9,ABB,KAFLUM
528,1,0.06413,5,0.6,AAB,DHAPPQ
529,1,0.06413,5,0.6,ABA,DHAPPQ
530,1,0.06413,5,0.6,ABB,DHAPPQ
531,1,0.06413,5,0.6,AAB,KAFLUM
532,1,0.06413,5,0.6,ABA,KAFLUM
533,1,0.06413,5,0.6,ABB,KAFLUM
534,1,0.06413,5,0.7,AAB,DHAPPQ
535,1,0.06413,5,0.7,ABA,DHAPPQ
536,1,0.06413,5,0.7,ABB,DHAPPQ
537,1,0.06413,5,0.7,AAB,KAFLUM
538,1,0.06413,5,0.7,ABA,KAFLUM
539,1,0.06413,5,0.7,ABB,KAFLUM
540,1,0.06413,5,0.8,AAB,DHAPPQ
541,1,0.06413,5,0.8,ABA,DHAPPQ
542,1,0.06413,5,0.8,ABB,DHAPPQ
543,1,0.06413,5,0.8,AAB,KAFLUM
544,1,0.06413,5,0.8,ABA,KAFLUM
545,1,0.06413,5,0.8,ABB,KAFLUM
546,1,0.06413,5,0.9,AAB,DHAPPQ
547,1,0.06413,5,0.9,ABA,DHAPPQ
548,1,0.06413,5,0.9,ABB,DHAPPQ
549,1,0.06413,5,0.9,AAB,KAFLUM
550,1,0.06413,5,0.9,ABA,KAFLUM
551,1,0.06413,5,0.9,ABB,KAFLUM
552,1,0.06413,10,0.6,AAB,DHAPPQ
553,1,0.06413,10,0.6,ABA,DHAPPQ
554,1,0.06413,10,0.6,ABB,DHAPPQ
555,1,0.06413,10,0.6,AAB,KAFLUM
556,1,0.06413,10,0.6,ABA,KAFLUM
557,1,0.06413,10,0.6,ABB,KAFLUM
558,1,0.06413,10,0.7,AAB,DHAPPQ
559,1,0.06413,10,0.7,ABA,DHAPPQ
560,1,0.06413,10,0.7,ABB,DHAPPQ
561,1,0.06413,10,0.7,AAB,KAFLUM
562,1,0.06413,10,0.7,ABA,KAFLUM
563,1,0.06413,10,0.7,ABB,KAFLUM
564,1,0.06413,10,0.8,AAB,DHAPPQ
565,1,0.06413,10,0.8,ABA,DHAPPQ
566,1,0.06413,10,0.8,ABB,DHAPPQ
567,1,0.06413,10,0.8,AAB,KAFLUM
568,1,0.06413,10,0.8,ABA,KAFLUM
569,1,0.06413,10,0.8,ABB,KAFLUM
570,1,0.06413,10,0.9,AAB,DHAPPQ
571,1,0.06413,10,0.9,ABA,DHAPPQ
572,1,0.06413,10,0.9,ABB,DHAPPQ
573,1,0.06413,10,0.9,AAB,KAFLUM
574,1,0.06413,10,0.9,ABA,KAFLUM
575,1,0.06413,10,0.9,ABB,KAFLUM
576,1,0.0585,1,0.6,AAB,DHAPPQ
577,1,0.0585,1,0.6,ABA,DHAPPQ
578,1,0.0585,1,0.6,ABB,DHAPPQ
579,1,0.0585,1,0.6,AAB,KAFLUM
580,1,0.0585,1,0.6,ABA,KAFLUM
581,1,0.0585,1,0.6,ABB,KAFLUM
582,1,0.0585,1,0.7,AAB,DHAPPQ
583,1,0.0585,1,0.7,ABA,DHAPPQ
584,1,0.0585,1,0.7,ABB,DHAPPQ
585,1,0.0585,1,0.7,AAB,KAFLUM
586,1,0.0585,1,0.7,ABA,KAFLUM
587,1,0.0585,1,0.7,ABB,KAFLUM
588,1,0.0585,1,0.8,AAB,DHAPPQ
589,1,0.0585,1,0.8,ABA,DHAPPQ
590,1,0.0585,1,0.8,ABB,DHAPPQ
591,1,0.0585,1,0.8,AAB,KAFLUM
592,1,0.0585,1,0.8,ABA,KAFLUM
593,1,0.0585,1,0.8,ABB,KAFLUM
594,1,0.0585,1,0.9,AAB,DHAPPQ
595,1,0.0585,1,0.9,ABA,DHAPPQ
596,1,0.0585,1,0.9,ABB,DHAPPQ
597,1,0.0585,1,0.9,AAB,KAFLUM
598,1,0.0585,1,0.9,ABA,KAFLUM
599,1,0.0585,1,0.9,ABB,KAFLUM
600,1,0.0585,2,0.6,AAB,DHAPPQ
601,1,0.0585,2,0.6,ABA,DHAPPQ
602,1,0.0585,2,0.6,ABB,DHAPPQ
603,1,0.0585,2,0.6,AAB,KAFLUM
604,1,0.0585,2,0.6,ABA,KAFLUM
605,1,0.0585,2,0.6,ABB,KAFLUM
606,1,0.0585,2,0.7,AAB,DHAPPQ
607,1,0.0585,2,0.7,ABA,DHAPPQ
608,1,0.0585,2,0.7,ABB,DHAPPQ
609,1,0.0585,2,0.7,AAB,KAFLUM
610,1,0.0585,2,0.7,ABA,KAFLUM
611,1,0.0585,2,0.7,ABB,KAFLUM
612,1,0.0585,2,0.8,AAB,DHAPPQ
613,1,0.0585,2,0.8,ABA,DHAPPQ
614,1,0.0585,2,0.8,ABB,DHAPPQ
615,1,0.0585,2,0.8,AAB,KAFLUM
616,1,0.0585,2,0.8,ABA,KAFLUM
617,1,0.0585,2,0.8,ABB,KAFLUM
618,1,0.0585,2,0.9,AAB,DHAPPQ
619,1,0.0585,2,0.9,ABA,DHAPPQ
620,1,0.0585,2,0.9,ABB,DHAPPQ
621,1,0.0585,2,0.9,AAB,KAFLUM
622,1,0.0585,2,0.9,ABA,KAFLUM
623,1,0.0585,2,0.9,ABB,KAFLUM
624,1,0.0585,5,0.6,AAB,DHAPPQ
625,1,0.0585,5,0.6,ABA,DHAPPQ
626,1,0.0585,5,0.6,ABB,DHAPPQ
627,1,0.0585,5,0.6,AAB,KAFLUM
628,1,0.0585,5,0.6,ABA,KAFLUM
629,1,0.0585,5,0.6,ABB,KAFLUM
630,1,0.0585,5,0.7,AAB,DHAPPQ
631,1,0.0585,5,0.7,ABA,DHAPPQ
632,1,0.0585,5,0.7,ABB,DHAPPQ
633,1,0.0585,5,0.7,AAB,KAFLUM
634,1,0.0585,5,0.7,ABA,KAFLUM
635,1,0.0585,5,0.7,ABB,KAFLUM
636,1,0.0585,5,0.8,AAB,DHAPPQ
637,1,0.0585,5,0.8,ABA,DHAPPQ
638,1,0.0585,5,0.8,ABB,DHAPPQ
639,1,0.0585,5,0.8,AAB,KAFLUM
640,1,0.0585,5,0.8,ABA,KAFLUM
641,1,0.0585,5,0.8,ABB,KAFLUM
642,1,0.0585,5,0.9,AAB,DHAPPQ
643,1,0.0585,5,0.9,ABA,DHAPPQ
644,1,0.0585,5,0.9,ABB,DHAPPQ
645,1,0.0585,5,0.9,AAB,KAFLUM
646,1,0.0585,5,0.9,ABA,KAFLUM
647,1,0.0585,5,0.9,ABB,KAFLUM
648,1,0.0585,10,0.6,AAB,DHAPPQ
649,1,0.0585,10,0.6,ABA,DHAPPQ
650,1,0.0585,10,0.6,ABB,DHAPPQ
651,1,0.0585,10,0.6,AAB,KAFLUM
652,1,0.0585,10,0.6,ABA,KAFLUM
653,1,0.0585,10,0.6,ABB,KAFLUM
654,1,0.0585,10,0.7,AAB,DHAPPQ
655,1,0.0585,10,0.7,ABA,DHAPPQ
656,1,0.0585,10,0.7,ABB,DHAPPQ
657,1,0.0585,10,0.7,AAB,KAFLUM
658,1,0.0585,10,0.7,ABA,KAFLUM
659,1,0.0585,10,0.7,ABB,KAFLUM
660,1,0.0585,10,0.8,AAB,DHAPPQ
661,1,0.0585,10,0.8,ABA,DHAPPQ
662,1,0.0585,10,0.8,ABB,DHAPPQ
663,1,0.0585,10,0.8,AAB,KAFLUM
664,1,0.0585,10,0.8,ABA,KAFLUM
665,1,0.0585,10,0.8,ABB,KAFLUM
666,1,0.0585,10,0.9,AAB,DHAPPQ
667,1,0.0585,10,0.9,ABA,DHAPPQ
668,1,0.0585,10,0.9,ABB,DHAPPQ
669,1,0.0585,10,0.9,AAB,KAFLUM
670,1,0.0585,10,0.9,ABA,KAFLUM
671,1,0.0585,10,0.9,ABB,KAFLUM
672,1,0.0538,1,0.6,AAB,DHAPPQ
673,1,0.0538,1,0.6,ABA,DHAPPQ
674,1,0.0538,1,0.6,ABB,DHAPPQ
675,1,0.0538,1,0.6,AAB,KAFLUM
676,1,0.0538,1,0.6,ABA,KAFLUM
677,1,0.0538,1,0.6,ABB,KAFLUM
678,1,0.0538,1,0.7,AAB,DHAPPQ
679,1,0.0538,1,0.7,ABA,DHAPPQ
680,1,0.0538,1,0.7,ABB,DHAPPQ
681,1,0.0538,1,0.7,AAB,KAFLUM
682,1,0.0538,1,0.7,ABA,KAFLUM
683,1,0.0538,1,0.7,ABB,KAFLUM
684,1,0.0538,1,0.8,AAB,DHAPPQ
685,1,0.0538,1,0.8,ABA,DHAPPQ
686,1,0.0538,1,0.8,ABB,DHAPPQ
687,1,0.0538,1,0.8,AAB,KAFLUM
688,1,0.0538,1,0.8,ABA,KAFLUM
689,1,0.0538,1,0.8,ABB,KAFLUM
690,1,0.0538,1,0.9,AAB,DHAPPQ
691,1,0.0538,1,0.9,ABA,DHAPPQ
692,1,0.0538,1,0.9,ABB,DHAPPQ
693,1,0.0538,1,0.9,AAB,KAFLUM
694,1,0.0538,1,0.9,ABA,KAFLUM
695,1,0.0538,1,0.9,ABB,KAFLUM
696,1,0.0538,2,0.6,AAB,DHAPPQ
697,1,0.0538,2,0.6,ABA,DHAPPQ
698,1,0.0538,2,0.6,ABB,DHAPPQ
699,1,0.0538,2,0.6,AAB,KAFLUM
700,1,0.0538,2,0.6,ABA,KAFLUM
701,1,0.0538,2,0.6,ABB,KAFLUM
702,1,0.0538,2,0.7,AAB,DHAPPQ
703,1,0.0538,2,0.7,ABA,DHAPPQ
704,1,0.0538,2,0.7,ABB,DHAPPQ
705,1,0.0538,2,0.7,AAB,KAFLUM
706,1,0.0538,2,0.7,ABA,KAFLUM
707,1,0.0538,2,0.7,ABB,KAFLUM
708,1,0.0538,2,0.8,AAB,DHAPPQ
709,1,0.0538,2,0.8,ABA,DHAPPQ
710,1,0.0538,2,0.8,ABB,DHAPPQ
711,1,0.0538,2,0.8,AAB,KAFLUM
712,1,0.0538,2,0.8,ABA,KAFLUM
713,1,0.0538,2,0.8,ABB,KAFLUM
714,1,0.0538,2,0.9,AAB,DHAPPQ
715,1,0.0538,2,0.9,ABA,DHAPPQ
716,1,0.0538,2,0.9,ABB,DHAPPQ
717,1,0.0538,2,0.9,AAB,KAFLUM
718,1,0.0538,2,0.9,ABA,KAFLUM
719,1,0.0538,2,0.9,ABB,KAFLUM
720,1,0.0538,5,0.6,AAB,DHAPPQ
721,1,0.0538,5,0.6,ABA,DHAPPQ
722,1,0.0538,5,0.6,ABB,DHAPPQ
723,1,0.0538,5,0.6,AAB,KAFLUM
724,1,0.0538,5,0.6,ABA,KAFLUM
725,1,0.0538,5,0.6,ABB,KAFLUM
726,1,0.0538,5,0.7,AAB,DHAPPQ
727,1,0.0538,5,0.7,ABA,DHAPPQ
728,1,0.0538,5,0.7,ABB,DHAPPQ
729,1,0.0538,5,0.7,AAB,KAFLUM
730,1,0.0538,5,0.7,ABA,KAFLUM
731,1,0.0538,5,0.7,ABB,KAFLUM
732,1,0.0538,5,0.8,AAB,DHAPPQ
733,1,0.0538,5,0.8,ABA,DHAPPQ
734,1,0.0538,5,0.8,ABB,DHAPPQ
735,1,0.0538,5,0.8,AAB,KAFLUM
736,1,0.0538,5,0.8,ABA,KAFLUM
737,1,0.0538,5,0.8,ABB,KAFLUM
738,1,0.0538,5,0.9,AAB,DHAPPQ
739,1,0.0538,5,0.9,ABA,DHAPPQ
740,1,0.0538,5,0.9,ABB,DHAPPQ
741,1,0.0538,5,0.9,AAB,KAFLUM
742,1,0.0538,5,0.9,ABA,KAFLUM
743,1,0.0538,5,0.9,ABB,KAFLUM
744,1,0.0538,10,0.6,AAB,DHAPPQ
745,1,0.0538,10,0.6,ABA,DHAPPQ
746,1,0.0538,10,0.6,ABB,DHAPPQ
747,1,0.0538,10,0.6,AAB,KAFLUM
748,1,0.0538,10,0.6,ABA,KAFLUM
749,1,0.0538,10,0.6,ABB,KAFLUM
750,1,0.0538,10,0.7,AAB,DHAPPQ
751,1,0.0538,10,0.7,ABA,DHAPPQ
752,1,0.0538,10,0.7,ABB,DHAPPQ
753,1,0.0538,10,0.7,AAB,KAFLUM
754,1,0.0538,10,0.7,ABA,KAFLUM
755,1,0.0538,10,0.7,ABB,KAFLUM
756,1,0.0538,10,0.8,AAB,DHAPPQ
757,1,0.0538,10,0.8,ABA,DHAPPQ
758,1,0.0538,10,0.8,ABB,DHAPPQ
759,1,0.0538,10,0.8,AAB,KAFLUM
760,1,0.0538,10,0.8,ABA,KAFLUM
761,1,0.0538,10,0.8,ABB,KAFLUM
762,1,0.0538,10,0.9,AAB,DHAPPQ
763,1,0.0538,10,0.9,ABA,DHAPPQ
764,1,0.0538,10,0.9,ABB,DHAPPQ
765,1,0.0538,10,0.9,AAB,KAFLUM
766,1,0.0538,10,0.9,ABA,KAFLUM
767,1,0.0538,10,0.9,ABB,KAFLUM
768,1,0.0508,1,0.6,AAB,DHAPPQ
769,1,0.0508,1,0.6,ABA,DHAPPQ
770,1,0.0508,1,0.6,ABB,DHAPPQ
771,1,0.0508,1,0.6,AAB,KAFLUM
772,1,0.0508,1,0.6,ABA,KAFLUM
773,1,0.0508,1,0.6,ABB,KAFLUM
774,1,0.0508,1,0.7,AAB,DHAPPQ
775,1,0.0508,1,0.7,ABA,DHAPPQ
776,1,0.0508,1,0.7,ABB,DHAPPQ
777,1,0.0508,1,0.7,AAB,KAFLUM
778,1,0.0508,1,0.7,ABA,KAFLUM
779,1,0.0508,1,0.7,ABB,KAFLUM
780,1,0.0508,1,0.8,AAB,DHAPPQ
781,1,0.0508,1,0.8,ABA,DHAPPQ
782,1,0.0508,1,0.8,ABB,DHAPPQ
783,1,0.0508,1,0.8,AAB,KAFLUM
784,1,0.0508,1,0.8,ABA,KAFLUM
785,1,0.0508,1,0.8,ABB,KAFLUM
786,1,0.0508,1,0.9,AAB,DHAPPQ
787,1,0.0508,1,0.9,ABA,DHAPPQ
788,1,0.0508,1,0.9,ABB,DHAPPQ
789,1,0.0508,1,0.9,AAB,KAFLUM
790,1,0.0508,1,0.9,ABA,KAFLUM
791,1,0.0508,1,0.9,ABB,KAFLUM
792,1,0.0508,2,0.6,AAB,DHAPPQ
793,1,0.0508,2,0.6,ABA,DHAPPQ
794,1,0.0508,2,0.6,ABB,DHAPPQ
795,1,0.0508,2,0.6,AAB,KAFLUM
796,1,0.0508,2,0.6,ABA,KAFLUM
797,1,0.0508,2,0.6,ABB,KAFLUM
798,1,0.0508,2,0.7,AAB,DHAPPQ
799,1,0.0508,2,0.7,ABA,DHAPPQ
800,1,0.0508,2,0.7,ABB,DHAPPQ
801,1,0.0508,2,0.7,AAB,KAFLUM
802,1,0.0508,2,0.7,ABA,KAFLUM
803,1,0.0508,2,0.7,ABB,KAFLUM
804,1,0.0508,2,0.8,AAB,DHAPPQ
805,1,0.0508,2,0.8,ABA,DHAPPQ
806,1,0.0508,2,0.8,ABB,DHAPPQ
807,1,0.0508,2,0.8,AAB,KAFLUM
808,1,0.0508,2,0.8,ABA,KAFLUM
809,1,0.0508,2,0.8,ABB,KAFLUM
810,1,0.0508,2,0.9,AAB,DHAPPQ
811,1,0.0508,2,0.9,ABA,DHAPPQ
812,1,0.0508,2,0.9,ABB,DHAPPQ
813,1,0.0508,2,0.9,AAB,KAFLUM
814,1,0.0508,2,0.9,ABA,KAFLUM
815,1,0.0508,2,0.9,ABB,KAFLUM
816,1,0.0508,5,0.6,AAB,DHAPPQ
817,1,0.0508,5,0.6,ABA,DHAPPQ
818,1,0.0508,5,0.6,ABB,DHAPPQ
819,1,0.0508,5,0.6,AAB,KAFLUM
820,1,0.0508,5,0.6,ABA,KAFLUM
821,1,0.0508,5,0.6,ABB,KAFLUM
822,1,0.0508,5,0.7,AAB,DHAPPQ
823,1,0.0508,5,0.7,ABA,DHAPPQ
824,1,0.0508,5,0.7,ABB,DHAPPQ
825,1,0.0508,5,0.7,AAB,KAFLUM
826,1,0.0508,5,0.7,ABA,KAFLUM
827,1,0.0508,5,0.7,ABB,KAFLUM
828,1,0.0508,5,0.8,AAB,DHAPPQ
829,1,0.0508,5,0.8,ABA,DHAPPQ
830,1,0.0508,5,0.8,ABB,DHAPPQ
831,1,0.0508,5,0.8,AAB,KAFLUM
832,1,0.0508,5,0.8,ABA,KAFLUM
833,1,0.0508,5,0.8,ABB,KAFLUM
834,1,0.0508,5,0.9,AAB,DHAPPQ
835,1,0.0508,5,0.9,ABA,DHAPPQ
836,1,0.0508,5,0.9,ABB,DHAPPQ
837,1,0.0508,5,0.9,AAB,KAFLUM
838,1,0.0508,5,0.9,ABA,KAFLUM
839,1,0.0508,5,0.9,ABB,KAFLUM
840,1,0.0508,10,0.6,AAB,DHAPPQ
841,1,0.0508,10,0.6,ABA,DHAPPQ
842,1,0.0508,10,0.6,ABB,DHAPPQ
843,1,0.0508,10,0.6,AAB,KAFLUM
844,1,0.0508,10,0.6,ABA,KAFLUM
845,1,0.0508,10,0.6,ABB,KAFLUM
846,1,0.0508,10,0.7,AAB,DHAPPQ
847,1,0.0508,10,0.7,ABA,DHAPPQ
848,1,0.0508,10,0.7,ABB,DHAPPQ
849,1,0.0508,10,0.7,AAB,KAFLUM
850,1,0.0508,10,0.7,ABA,KAFLUM
851,1,0.0508,10,0.7,ABB,KAFLUM
852,1,0.0508,10,0.8,AAB,DHAPPQ
853,1,0.0508,10,0.8,ABA,DHAPPQ
854,1,0.0508,10,0.8,ABB,DHAPPQ
855,1,0.0508,10,0.8,AAB,KAFLUM
856,1,0.0508,10,0.8,ABA,KAFLUM
857,1,0.0508,10,0.8,ABB,KAFLUM
858,1,0.0508,10,0.9,AAB,DHAPPQ
859,1,0.0508,10,0.9,ABA,DHAPPQ
860,1,0.0508,10,0.9,ABB,DHAPPQ
861,1,0.0508,10,0.9,AAB,KAFLUM
862,1,0.0508,10,0.9,ABA,KAFLUM
863,1,0.0508,10,0.9,ABB,KAFLUM
864,1,0.0475,1,0.6,AAB,DHAPPQ
865,1,0.0475,1,0.6,ABA,DHAPPQ
866,1,0.0475,1,0.6,ABB,DHAPPQ
867,1,0.0475,1,0.6,AAB,KAFLUM
868,1,0.0475,1,0.6,ABA,KAFLUM
869,1,0.0475,1,0.6,ABB,KAFLUM
870,1,0.0475,1,0.7,AAB,DHAPPQ
871,1,0.0475,1,0.7,ABA,DHAPPQ
872,1,0.0475,1,0.7,ABB,DHAPPQ
873,1,0.0475,1,0.7,AAB,KAFLUM
874,1,0.0475,1,0.7,ABA,KAFLUM
875,1,0.0475,1,0.7,ABB,KAFLUM
876,1,0.0475,1,0.8,AAB,DHAPPQ
877,1,0.0475,1,0.8,ABA,DHAPPQ
878,1,0.0475,1,0.8,ABB,DHAPPQ
879,1,0.0475,1,0.8,AAB,KAFLUM
880,1,0.0475,1,0.8,ABA,KAFLUM
881,1,0.0475,1,0.8,ABB,KAFLUM
882,1,0.0475,1,0.9,AAB,DHAPPQ
883,1,0.0475,1,0.9,ABA,DHAPPQ
884,1,0.0475,1,0.9,ABB,DHAPPQ
885,1,0.0475,1,0.9,AAB,KAFLUM
886,1,0.0475,1,0.9,ABA,KAFLUM
887,1,0.0475,1,0.9,ABB,KAFLUM
888,1,0.0475,2,0.6,AAB,DHAPPQ
889,1,0.0475,2,0.6,ABA,DHAPPQ
890,1,0.0475,2,0.6,ABB,DHAPPQ
891,1,0.0475,2,0.6,AAB,KAFLUM
892,1,0.0475,2,0.6,ABA,KAFLUM
893,1,0.0475,2,0.6,ABB,KAFLUM
894,1,0.0475,2,0.7,AAB,DHAPPQ
895,1,0.0475,2,0.7,ABA,DHAPPQ
896,1,0.0475,2,0.7,ABB,DHAPPQ
897,1,0.0475,2,0.7,AAB,KAFLUM
898,1,0.0475,2,0.7,ABA,KAFLUM
899,1,0.0475,2,0.7,ABB,KAFLUM
900,1,0.0475,2,0.8,AAB,DHAPPQ
901,1,0.0475,2,0.8,ABA,DHAPPQ
902,1,0.0475,2,0.8,ABB,DHAPPQ
903,1,0.0475,2,0.8,AAB,KAFLUM
904,1,0.0475,2,0.8,ABA,KAFLUM
905,1,0.0475,2,0.8,ABB,KAFLUM
906,1,0.0475,2,0.9,AAB,DHAPPQ
907,1,0.0475,2,0.9,ABA,DHAPPQ
908,1,0.0475,2,0.9,ABB,DHAPPQ
909,1,0.0475,2,0.9,AAB,KAFLUM
910,1,0.0475,2,0.9,ABA,KAFLUM
911,1,0.0475,2,0.9,ABB,KAFLUM
912,1,0.0475,5,0.6,AAB,DHAPPQ
913,1,0.0475,5,0.6,ABA,DHAPPQ
914,1,0.0475,5,0.6,ABB,DHAPPQ
915,1,0.0475,5,0.6,AAB,KAFLUM
916,1,0.0475,5,0.6,ABA,KAFLUM
917,1,0.0475,5,0.6,ABB,KAFLUM
918,1,0.0475,5,0.7,AAB,DHAPPQ
919,1,0.0475,5,0.7,ABA,DHAPPQ
920,1,0.0475,5,0.7,ABB,DHAPPQ
921,1,0.0475,5,0.7,AAB,KAFLUM
922,1,0.0475,5,0.7,ABA,KAFLUM
923,1,0.0475,5,0.7,ABB,KAFLUM
924,1,0.0475,5,0.8,AAB,DHAPPQ
925,1,0.0475,5,0.8,ABA,DHAPPQ
926,1,0.0475,5,0.8,ABB,DHAPPQ
927,1,0.0475,5,0.8,AAB,KAFLUM
928,1,0.0475,5,0.8,ABA,KAFLUM
929,1,0.0475,5,0.8,ABB,KAFLUM
930,1,0.0475,5,0.9,AAB,DHAPPQ
931,1,0.0475,5,0.9,ABA,DHAPPQ
932,1,0.0475,5,0.9,ABB,DHAPPQ
933,1,0.0475,5,0.9,AAB,KAFLUM
934,1,0.0475,5,0.9,ABA,KAFLUM
935,1,0.0475,5,0.9,ABB,KAFLUM
936,1,0.0475,10,0.6,AAB,DHAPPQ
937,1,0.0475,10,0.6,ABA,DHAPPQ
938,1,0.0475,10,0.6,ABB,DHAPPQ
939,1,0.0475,10,0.6,AAB,KAFLUM
940,1,0.0475,10,0.6,ABA,KAFLUM
941,1,0.0475,10,0.6,ABB,KAFLUM
942,1,0.0475,10,0.7,AAB,DHAPPQ
943,1,0.0475,10,0.7,ABA,DHAPPQ
944,1,0.0475,10,0.7,ABB,DHAPPQ
945,1,0.0475,10,0.7,AAB,KAFLUM
946,1,0.0475,10,0.7,ABA,KAFLUM
947,1,0.0475,10,0.7,ABB,KAFLUM
948,1,0.0475,10,0.8,AAB,DHAPPQ
949,1,0.0475,10,0.8,ABA,DHAPPQ
950,1,0.0475,10,0.8,ABB,DHAPPQ
951,1,0.0475,10,0.8,AAB,KAFLUM
952,1,0.0475,10,0.8,ABA,KAFLUM
953,1,0.0475,10,0.8,ABB,KAFLUM
954,1,0.0475,10,0.9,AAB,DHAPPQ
955,1,0.0475,10,0.9,ABA,DHAPPQ
956,1,0.0475,10,0.9,ABB,DHAPPQ
957,1,0.0475,10,0.9,AAB,KAFLUM
958,1,0.0475,10,0.9,ABA,KAFLUM
959,1,0.0475,10,0.9,ABB,KAFLUM
960,2,0.06413,1,0.6,AAB,DHAPPQ
961,2,0.06413,1,0.6,ABA,DHAPPQ
962,2,0.06413,1,0.6,ABB,DHAPPQ
963,2,0.06413,1,0.6,AAB,KAFLUM
964,2,0.06413,1,0.6,ABA,KAFLUM
965,2,0.06413,1,0.6,ABB,KAFLUM
966,2,0.06413,1,0.7,AAB,DHAPPQ
967,2,0.06413,1,0.7,ABA,DHAPPQ
968,2,0.06413,1,0.7,ABB,DHAPPQ
969,2,0.06413,1,0.7,AAB,KAFLUM
970,2,0.06413,1,0.7,ABA,KAFLUM
971,2,0.06413,1,0.7,ABB,KAFLUM
972,2,0.06413,1,0.8,AAB,DHAPPQ
973,2,0.06413,1,0.8,ABA,DHAPPQ
974,2,0.06413,1,0.8,ABB,DHAPPQ
975,2,0.06413,1,0.8,AAB,KAFLUM
976,2,0.06413,1,0.8,ABA,KAFLUM
977,2,0.06413,1,0.8,ABB,KAFLUM
978,2,0.06413,1,0.9,AAB,DHAPPQ
979,2,0.06413,1,0.9,ABA,DHAPPQ
980,2,0.06413,1,0.9,ABB,DHAPPQ
981,2,0.06413,1,0.9,AAB,KAFLUM
982,2,0.06413,1,0.9,ABA,KAFLUM
983,2,0.06413,1,0.9,ABB,KAFLUM
984,2,0.06413,2,0.6,AAB,DHAPPQ
985,2,0.06413,2,0.6,ABA,DHAPPQ
986,2,0.06413,2,0.6,ABB,DHAPPQ
987,2,0.06413,2,0.6,AAB,KAFLUM
988,2,0.06413,2,0.6,ABA,KAFLUM
989,2,0.06413,2,0.6,ABB,KAFLUM
990,2,0.06413,2,0.7,AAB,DHAPPQ
991,2,0.06413,2,0.7,ABA,DHAPPQ
992,2,0.06413,2,0.7,ABB,DHAPPQ
993,2,0.06413,2,0.7,AAB,KAFLUM
994,2,0.06413,2,0.7,ABA,KAFLUM
995,2,0.06413,2,0.7,ABB,KAFLUM
996,2,0.06413,2,0.8,AAB,DHAPPQ
997,2,0.06413,2,0.8,ABA,DHAPPQ
998,2,0.06413,2,0.8,ABB,DHAPPQ
999,2,0.06413,2,0.8,AAB,KAFLUM
1000,2,0.06413,2,0.8,ABA,KAFLUM
1001,2,0.06413,2,0.8,ABB,KAFLUM
1002,2,0.06413,2,0.9,AAB,DHAPPQ
1003,2,0.06413,2,0.9,ABA,DHAPPQ
1004,2,0.06413,2,0.9,ABB,DHAPPQ
1005,2,0.06413,2,0.9,AAB,KAFLUM
1006,2,0.06413,2,0.9,ABA,KAFLUM
1007,2,0.06413,2,0.9,ABB,KAFLUM
1008,2,0.06413,5,0.6,AAB,DHAPPQ
1009,2,0.06413,5,0.6,ABA,DHAPPQ
1010,2,0.06413,5,0.6,ABB,DHAPPQ
1011,2,0.06413,5,0.6,AAB,KAFLUM
1012,2,0.06413,5,0.6,ABA,KAFLUM
1013,2,0.06413,5,0.6,ABB,KAFLUM
1014,2,0.06413,5,0.7,AAB,DHAPPQ
1015,2,0.06413,5,0.7,ABA,DHAPPQ
1016,2,0.06413,5,0.7,ABB,DHAPPQ
1017,2,0.06413,5,0.7,AAB,KAFLUM
1018,2,0.06413,5,0.7,ABA,KAFLUM
1019,2,0.06413,5,0.7,ABB,KAFLUM
1020,2,0.06413,5,0.8,AAB,DHAPPQ
1021,2,0.06413,5,0.8,ABA,DHAPPQ
1022,2,0.06413,5,0.8,ABB,DHAPPQ
1023,2,0.06413,5,0.8,AAB,KAFLUM
1024,2,0.06413,5,0.8,ABA,KAFLUM
1025,2,0.06413,5,0.8,ABB,KAFLUM
1026,2,0.06413,5,0.9,AAB,DHAPPQ
1027,2,0.06413,5,0.9,ABA,DHAPPQ
1028,2,0.06413,5,0.9,ABB,DHAPPQ
1029,2,0.06413,5,0.9,AAB,KAFLUM
1030,2,0.06413,5,0.9,ABA,KAFLUM
1031,2,0.06413,5,0.9,ABB,KAFLUM
1032,2,0.06413,10,0.6,AAB,DHAPPQ
1033,2,0.06413,10,0.6,ABA,DHAPPQ
1034,2,0.06413,10,0.6,ABB,DHAPPQ
1035,2,0.06413,10,0.6,AAB,KAFLUM
1036,2,0.06413,10,0.6,ABA,KAFLUM
1037,2,0.06413,10,0.6,ABB,KAFLUM
1038,2,0.06413,10,0.7,AAB,DHAPPQ
1039,2,0.06413,10,0.7,ABA,DHAPPQ
1040,2,0.06413,10,0.7,ABB,DHAPPQ
1041,2,0.06413,10,0.7,AAB,KAFLUM
1042,2,0.06413,10,0.7,ABA,KAFLUM
1043,2,0.06413,10,0.7,ABB,KAFLUM
1044,2,0.06413,10,0.8,AAB,DHAPPQ
1045,2,0.06413,10,0.8,ABA,DHAPPQ
1046,2,0.06413,10,0.8,ABB,DHAPPQ
1047,2,0.06413,10,0.8,AAB,KAFLUM
1048,2,0.06413,10,0.8,ABA,KAFLUM
1049,2,0.06413,10,0.8,ABB,KAFLUM
1050,2,0.06413,10,0.9,AAB,DHAPPQ
1051,2,0.06413,10,0.9,ABA,DHAPPQ
1052,2,0.06413,10,0.9,ABB,DHAPPQ
1053,2,0.06413,10,0.9,AAB,KAFLUM
1054,2,0.06413,10,0.9,ABA,KAFLUM
1055,2,0.06413,10,0.9,ABB,KAFLUM
1056,2,0.0585,1,0.6,AAB,DHAPPQ
1057,2,0.0585,1,0.6,ABA,DHAPPQ
1058,2,0.0585,1,0.6,ABB,DHAPPQ
1059,2,0.0585,1,0.6,AAB,KAFLUM
1060,2,0.0585,1,0.6,ABA,KAFLUM
1061,2,0.0585,1,0.6,ABB,KAFLUM
1062,2,0.0585,1,0.7,AAB,DHAPPQ
1063,2,0.0585,1,0.7,ABA,DHAPPQ
1064,2,0.0585,1,0.7,ABB,DHAPPQ
1065,2,0.0585,1,0.7,AAB,KAFLUM
1066,2,0.0585,1,0.7,ABA,KAFLUM
1067,2,0.0585,1,0.7,ABB,KAFLUM
1068,2,0.0585,1,0.8,AAB,DHAPPQ
1069,2,0.0585,1,0.8,ABA,DHAPPQ
1070,2,0.0585,1,0.8,ABB,DHAPPQ
1071,2,0.0585,1,0.8,AAB,KAFLUM
1072,2,0.0585,1,0.8,ABA,KAFLUM
1073,2,0.0585,1,0.8,ABB,KAFLUM
1074,2,0.0585,1,0.9,AAB,DHAPPQ
1075,2,0.0585,1,0.9,ABA,DHAPPQ
1076,2,0.0585,1,0.9,ABB,DHAPPQ
1077,2,0.0585,1,0.9,AAB,KAFLUM
1078,2,0.0585,1,0.9,ABA,KAFLUM
1079,2,0.0585,1,0.9,ABB,KAFLUM
1080,2,0.0585,2,0.6,AAB,DHAPPQ
1081,2,0.0585,2,0.6,ABA,DHAPPQ
1082,2,0.0585,2,0.6,ABB,DHAPPQ
1083,2,0.0585,2,0.6,AAB,KAFLUM
1084,2,0.0585,2,0.6,ABA,KAFLUM
1085,2,0.0585,2,0.6,ABB,KAFLUM
1086,2,0.0585,2,0.7,AAB,DHAPPQ
1087,2,0.0585,2,0.7,ABA,DHAPPQ
1088,2,0.0585,2,0.7,ABB,DHAPPQ
1089,2,0.0585,2,0.7,AAB,KAFLUM
1090,2,0.0585,2,0.7,ABA,KAFLUM
1091,2,0.0585,2,0.7,ABB,KAFLUM
1092,2,0.0585,2,0.8,AAB,DHAPPQ
1093,2,0.0585,2,0.8,ABA,DHAPPQ
1094,2,0.0585,2,0.8,ABB,DHAPPQ
1095,2,0.0585,2,0.8,AAB,KAFLUM
1096,2,0.0585,2,0.8,ABA,KAFLUM
1097,2,0.0585,2,0.8,ABB,KAFLUM
1098,2,0.0585,2,0.9,AAB,DHAPPQ
1099,2,0.0585,2,0.9,ABA,DHAPPQ
1100,2,0.0585,2,0.9,ABB,DHAPPQ
1101,2,0.0585,2,0.9,AAB,KAFLUM
1102,2,0.0585,2,0.9,ABA,KAFLUM
1103,2,0.0585,2,0.9,ABB,KAFLUM
1104,2,0.0585,5,0.6,AAB,DHAPPQ
1105,2,0.0585,5,0.6,ABA,DHAPPQ
1106,2,0.0585,5,0.6,ABB,DHAPPQ
1107,2,0.0585,5,0.6,AAB,KAFLUM
1108,2,0.0585,5,0.6,ABA,KAFLUM
1109,2,0.0585,5,0.6,ABB,KAFLUM
1110,2,0.0585,5,0.7,AAB,DHAPPQ
1111,2,0.0585,5,0.7,ABA,DHAPPQ
1112,2,0.0585,5,0.7,ABB,DHAPPQ
1113,2,0.0585,5,0.7,AAB,KAFLUM
1114,2,0.0585,5,0.7,ABA,KAFLUM
1115,2,0.0585,5,0.7,ABB,KAFLUM
1116,2,0.0585,5,0.8,AAB,DHAPPQ
1117,2,0.0585,5,0.8,ABA,DHAPPQ
1118,2,0.0585,5,0.8,ABB,DHAPPQ
1119,2,0.0585,5,0.8,AAB,KAFLUM
1120,2,0.0585,5,0.8,ABA,KAFLUM
1121,2,0.0585,5,0.8,ABB,KAFLUM
1122,2,0.0585,5,0.9,AAB,DHAPPQ
1123,2,0.0585,5,0.9,ABA,DHAPPQ
1124,2,0.0585,5,0.9,ABB,DHAPPQ
1125,2,0.0585,5,0.9,AAB,KAFLUM
1126,2,0.0585,5,0.9,ABA,KAFLUM
1127,2,0.0585,5,0.9,ABB,KAFLUM
1128,2,0.0585,10,0.6,AAB,DHAPPQ
1129,2,0.0585,10,0.6,ABA,DHAPPQ
1130,2,0.0585,10,0.6,ABB,DHAPPQ
1131,2,0.0585,10,0.6,AAB,KAFLUM
1132,2,0.0585,10,0.6,ABA,KAFLUM
1133,2,0.0585,10,0.6,ABB,KAFLUM
1134,2,0.0585,10,0.7,AAB,DHAPPQ
1135,2,0.0585,10,0.7,ABA,DHAPPQ
1136,2,0.0585,10,0.7,ABB,DHAPPQ
1137,2,0.0585,10,0.7,AAB,KAFLUM
1138,2,0.0585,10,0.7,ABA,KAFLUM
1139,2,0.0585,10,0.7,ABB,KAFLUM
1140,2,0.0585,10,0.8,AAB,DHAPPQ
1141,2,0.0585,10,0.8,ABA,DHAPPQ
1142,2,0.0585,10,0.8,ABB,DHAPPQ
1143,2,0.0585,10,0.8,AAB,KAFLUM
1144,2,0.0585,10,0.8,ABA,KAFLUM
1145,2,0.0585,10,0.8,ABB,KAFLUM
1146,2,0.0585,10,0.9,AAB,DHAPPQ
1147,2,0.0585,10,0.9,ABA,DHAPPQ
1148,2,0.0585,10,0.9,ABB,DHAPPQ
1149,2,0.0585,10,0.9,AAB,KAFLUM
1150,2,0.0585,10,0.9,ABA,KAFLUM
1151,2,0.0585,10,0.9,ABB,KAFLUM
1152,2,0.0538,1,0.6,AAB,DHAPPQ
1153,2,0.0538,1,0.6,ABA,DHAPPQ
1154,2,0.0538,1,0.6,ABB,DHAPPQ
1155,2,0.0538,1,0.6,AAB,KAFLUM
1156,2,0.0538,1,0.6,ABA,KAFLUM
1157,2,0.0538,1,0.6,ABB,KAFLUM
1158,2,0.0538,1,0.7,AAB,DHAPPQ
1159,2,0.0538,1,0.7,ABA,DHAPPQ
1160,2,0.0538,1,0.7,ABB,DHAPPQ
1161,2,0.0538,1,0.7,AAB,KAFLUM
1162,2,0.0538,1,0.7,ABA,KAFLUM
1163,2,0.0538,1,0.7,ABB,KAFLUM
1164,2,0.0538,1,0.8,AAB,DHAPPQ
1165,2,0.0538,1,0.8,ABA,DHAPPQ
1166,2,0.0538,1,0.8,ABB,DHAPPQ
1167,2,0.0538,1,0.8,AAB,KAFLUM
1168,2,0.0538,1,0.8,ABA,KAFLUM
1169,2,0.0538,1,0.8,ABB,KAFLUM
1170,2,0.0538,1,0.9,AAB,DHAPPQ
1171,2,0.0538,1,0.9,ABA,DHAPPQ
1172,2,0.0538,1,0.9,ABB,DHAPPQ
1173,2,0.0538,1,0.9,AAB,KAFLUM
1174,2,0.0538,1,0.9,ABA,KAFLUM
1175,2,0.0538,1,0.9,ABB,KAFLUM
1176,2,0.0538,2,0.6,AAB,DHAPPQ
1177,2,0.0538,2,0.6,ABA,DHAPPQ
1178,2,0.0538,2,0.6,ABB,DHAPPQ
1179,2,0.0538,2,0.6,AAB,KAFLUM
1180,2,0.0538,2,0.6,ABA,KAFLUM
1181,2,0.0538,2,0.6,ABB,KAFLUM
1182,2,0.0538,2,0.7,AAB,DHAPPQ
1183,2,0.0538,2,0.7,ABA,DHAPPQ
1184,2,0.0538,2,0.7,ABB,DHAPPQ
1185,2,0.0538,2,0.7,AAB,KAFLUM
1186,2,0.0538,2,0.7,ABA,KAFLUM
1187,2,0.0538,2,0.7,ABB,KAFLUM
1188,2,0.0538,2,0.8,AAB,DHAPPQ
1189,2,0.0538,2,0.8,ABA,DHAPPQ
1190,2,0.0538,2,0.8,ABB,DHAPPQ
1191,2,0.0538,2,0.8,AAB,KAFLUM
1192,2,0.0538,2,0.8,ABA,KAFLUM
1193,2,0.0538,2,0.8,ABB,KAFLUM
1194,2,0.0538,2,0.9,AAB,DHAPPQ
1195,2,0.0538,2,0.9,ABA,DHAPPQ
1196,2,0.0538,2,0.9,ABB,DHAPPQ
1197,2,0.0538,2,0.9,AAB,KAFLUM
1198,2,0.0538,2,0.9,ABA,KAFLUM
1199,2,0.0538,2,0.9,ABB,KAFLUM
1200,2,0.0538,5,0.6,AAB,DHAPPQ
1201,2,0.0538,5,0.6,ABA,DHAPPQ
1202,2,0.0538,5,0.6,ABB,DHAPPQ
1203,2,0.0538,5,0.6,AAB,KAFLUM
1204,2,0.0538,5,0.6,ABA,KAFLUM
1205,2,0.0538,5,0.6,ABB,KAFLUM
1206,2,0.0538,5,0.7,AAB,DHAPPQ
1207,2,0.0538,5,0.7,ABA,DHAPPQ
1208,2,0.0538,5,0.7,ABB,DHAPPQ
1209,2,0.0538,5,0.7,AAB,KAFLUM
1210,2,0.0538,5,0.7,ABA,KAFLUM
1211,2,0.0538,5,0.7,ABB,KAFLUM
1212,2,0.0538,5,0.8,AAB,DHAPPQ
1213,2,0.0538,5,0.8,ABA,DHAPPQ
1214,2,0.0538,5,0.8,ABB,DHAPPQ
1215,2,0.0538,5,0.8,AAB,KAFLUM
1216,2,0.0538,5,0.8,ABA,KAFLUM
1217,2,0.0538,5,0.8,ABB,KAFLUM
1218,2,0.0538,5,0.9,AAB,DHAPPQ
1219,2,0.0538,5,0.9,ABA,DHAPPQ
1220,2,0.0538,5,0.9,ABB,DHAPPQ
1221,2,0.0538,5,0.9,AAB,KAFLUM
1222,2,0.0538,5,0.9,ABA,KAFLUM
1223,2,0.0538,5,0.9,ABB,KAFLUM
1224,2,0.0538,10,0.6,AAB,DHAPPQ
1225,2,0.0538,10,0.6,ABA,DHAPPQ
1226,2,0.0538,10,0.6,ABB,DHAPPQ
1227,2,0.0538,10,0.6,AAB,KAFLUM
1228,2,0.0538,10,0.6,ABA,KAFLUM
1229,2,0.0538,10,0.6,ABB,KAFLUM
1230,2,0.0538,10,0.7,AAB,DHAPPQ
1231,2,0.0538,10,0.7,ABA,DHAPPQ
1232,2,0.0538,10,0.7,ABB,DHAPPQ
1233,2,0.0538,10,0.7,AAB,KAFLUM
1234,2,0.0538,10,0.7,ABA,KAFLUM
1235,2,0.0538,10,0.7,ABB,KAFLUM
1236,2,0.0538,10,0.8,AAB,DHAPPQ
1237,2,0.0538,10,0.8,ABA,DHAPPQ
1238,2,0.0538,10,0.8,ABB,DHAPPQ
1239,2,0.0538,10,0.8,AAB,KAFLUM
1240,2,0.0538,10,0.8,ABA,KAFLUM
1241,2,0.0538,10,0.8,ABB,KAFLUM
1242,2,0.0538,10,0.9,AAB,DHAPPQ
1243,2,0.0538,10,0.9,ABA,DHAPPQ
1244,2,0.0538,10,0.9,ABB,DHAPPQ
1245,2,0.0538,10,0.9,AAB,KAFLUM
1246,2,0.0538,10,0.9,ABA,KAFLUM
1247,2,0.0538,10,0.9,ABB,KAFLUM
1248,2,0.0508,1,0.6,AAB,DHAPPQ
1249,2,0.0508,1,0.6,ABA,DHAPPQ
1250,2,0.0508,1,0.6,ABB,DHAPPQ
1251,2,0.0508,1,0.6,AAB,KAFLUM
1252,2,0.0508,1,0.6,ABA,KAFLUM
1253,2,0.0508,1,0.6,ABB,KAFLUM
1254,2,0.0508,1,0.7,AAB,DHAPPQ
1255,2,0.0508,1,0.7,ABA,DHAPPQ
1256,2,0.0508,1,0.7,ABB,DHAPPQ
1257,2,0.0508,1,0.7,AAB,KAFLUM
1258,2,0.0508,1,0.7,ABA,KAFLUM
1259,2,0.0508,1,0.7,ABB,KAFLUM
1260,2,0.0508,1,0.8,AAB,DHAPPQ
1261,2,0.0508,1,0.8,ABA,DHAPPQ
1262,2,0.0508,1,0.8,ABB,DHAPPQ
1263,2,0.0508,1,0.8,AAB,KAFLUM
1264,2,0.0508,1,0.8,ABA,KAFLUM
1265,2,0.0508,1,0.8,ABB,KAFLUM
1266,2,0.0508,1,0.9,AAB,DHAPPQ
1267,2,0.0508,1,0.9,ABA,DHAPPQ
1268,2,0.0508,1,0.9,ABB,DHAPPQ
1269,2,0.0508,1,0.9,AAB,KAFLUM
1270,2,0.0508,1,0.9,ABA,KAFLUM
1271,2,0.0508,1,0.9,ABB,KAFLUM
1272,2,0.0508,2,0.6,AAB,DHAPPQ
1273,2,0.0508,2,0.6,ABA,DHAPPQ
1274,2,0.0508,2,0.6,ABB,DHAPPQ
1275,2,0.0508,2,0.6,AAB,KAFLUM
1276,2,0.0508,2,0.6,ABA,KAFLUM
1277,2,0.0508,2,0.6,ABB,KAFLUM
1278,2,0.0508,2,0.7,AAB,DHAPPQ
1279,2,0.0508,2,0.7,ABA,DHAPPQ
1280,2,0.0508,2,0.7,ABB,DHAPPQ
1281,2,0.0508,2,0.7,AAB,KAFLUM
1282,2,0.0508,2,0.7,ABA,KAFLUM
1283,2,0.0508,2,0.7,ABB,KAFLUM
1284,2,0.0508,2,0.8,AAB,DHAPPQ
1285,2,0.0508,2,0.8,ABA,DHAPPQ
1286,2,0.0508,2,0.8,ABB,DHAPPQ
1287,2,0.0508,2,0.8,AAB,KAFLUM
1288,2,0.0508,2,0.8,ABA,KAFLUM
1289,2,0.0508,2,0.8,ABB,KAFLUM
1290,2,0.0508,2,0.9,AAB,DHAPPQ
1291,2,0.0508,2,0.9,ABA,DHAPPQ
1292,2,0.0508,2,0.9,ABB,DHAPPQ
1293,2,0.0508,2,0.9,AAB,KAFLUM
1294,2,0.0508,2,0.9,ABA,KAFLUM
1295,2,0.0508,2,0.9,ABB,KAFLUM
1296,2,0.0508,5,0.6,AAB,DHAPPQ
1297,2,0.0508,5,0.6,ABA,DHAPPQ
1298,2,0.0508,5,0.6,ABB,DHAPPQ
1299,2,0.0508,5,0.6,AAB,KAFLUM
1300,2,0.0508,5,0.6,ABA,KAFLUM
1301,2,0.0508,5,0.6,ABB,KAFLUM
1302,2,0.0508,5,0.7,AAB,DHAPPQ
1303,2,0.0508,5,0.7,ABA,DHAPPQ
1304,2,0.0508,5,0.7,ABB,DHAPPQ
1305,2,0.0508,5,0.7,AAB,KAFLUM
1306,2,0.0508,5,0.7,ABA,KAFLUM
1307,2,0.0508,5,0.7,ABB,KAFLUM
1308,2,0.0508,5,0.8,AAB,DHAPPQ
1309,2,0.0508,5,0.8,ABA,DHAPPQ
1310,2,0.0508,5,0.8,ABB,DHAPPQ
1311,2,0.0508,5,0.8,AAB,KAFLUM
1312,2,0.0508,5,0.8,ABA,KAFLUM
1313,2,0.0508,5,0.8,ABB,KAFLUM
1314,2,0.0508,5,0.9,AAB,DHAPPQ
1315,2,0.0508,5,0.9,ABA,DHAPPQ
1316,2,0.0508,5,0.9,ABB,DHAPPQ
1317,2,0.0508,5,0.9,AAB,KAFLUM
1318,2,0.0508,5,0.9,ABA,KAFLUM
1319,2,0.0508,5,0.9,ABB,KAFLUM
1320,2,0.0508,10,0.6,AAB,DHAPPQ
1321,2,0.0508,10,0.6,ABA,DHAPPQ
1322,2,0.0508,10,0.6,ABB,DHAPPQ
1323,2,0.0508,10,0.6,AAB,KAFLUM
1324,2,0.0508,10,0.6,ABA,KAFLUM
1325,2,0.0508,10,0.6,ABB,KAFLUM
1326,2,0.0508,10,0.7,AAB,DHAPPQ
1327,2,0.0508,10,0.7,ABA,DHAPPQ
1328,2,0.0508,10,0.7,ABB,DHAPPQ
1329,2,0.0508,10,0.7,AAB,KAFLUM
1330,2,0.0508,10,0.7,ABA,KAFLUM
1331,2,0.0508,10,0.7,ABB,KAFLUM
1332,2,0.0508,10,0.8,AAB,DHAPPQ
1333,2,0.0508,10,0.8,ABA,DHAPPQ
1334,2,0.0508,10,0.8,ABB,DHAPPQ
1335,2,0.0508,10,0.8,AAB,KAFLUM
1336,2,0.0508,10,0.8,ABA,KAFLUM
1337,2,0.0508,10,0.8,ABB,KAFLUM
1338,2,0.0508,10,0.9,AAB,DHAPPQ
1339,2,0.0508,10,0.9,ABA,DHAPPQ
1340,2,0.0508,10,0.9,ABB,DHAPPQ
1341,2,0.0508,10,0.9,AAB,KAFLUM
1342,2,0.0508,10,0.9,ABA,KAFLUM
1343,2,0.0508,10,0.9,ABB,KAFLUM
1344,2,0.0475,1,0.6,AAB,DHAPPQ
1345,2,0.0475,1,0.6,ABA,DHAPPQ
1346,2,0.0475,1,0.6,ABB,DHAPPQ
1347,2,0.0475,1,0.6,AAB,KAFLUM
1348,2,0.0475,1,0.6,ABA,KAFLUM
1349,2,0.0475,1,0.6,ABB,KAFLUM
1350,2,0.0475,1,0.7,AAB,DHAPPQ
1351,2,0.0475,1,0.7,ABA,DHAPPQ
1352,2,0.0475,1,0.7,ABB,DHAPPQ
1353,2,0.0475,1,0.7,AAB,KAFLUM
1354,2,0.0475,1,0.7,ABA,KAFLUM
1355,2,0.0475,1,0.7,ABB,KAFLUM
1356,2,0.0475,1,0.8,AAB,DHAPPQ
1357,2,0.0475,1,0.8,ABA,DHAPPQ
1358,2,0.0475,1,0.8,ABB,DHAPPQ
1359,2,0.0475,1,0.8,AAB,KAFLUM
1360,2,0.0475,1,0.8,ABA,KAFLUM
1361,2,0.0475,1,0.8,ABB,KAFLUM
1362,2,0.0475,1,0.9,AAB,DHAPPQ
1363,2,0.0475,1,0.9,ABA,DHAPPQ
1364,2,0.0475,1,0.9,ABB,DHAPPQ
1365,2,0.0475,1,0.9,AAB,KAFLUM
1366,2,0.0475,1,0.9,ABA,KAFLUM
1367,2,0.0475,1,0.9,ABB,KAFLUM
1368,2,0.0475,2,0.6,AAB,DHAPPQ
1369,2,0.0475,2,0.6,ABA,DHAPPQ
1370,2,0.0475,2,0.6,ABB,DHAPPQ
1371,2,0.0475,2,0.6,AAB,KAFLUM
1372,2,0.0475,2,0.6,ABA,KAFLUM
1373,2,0.0475,2,0.6,ABB,KAFLUM
1374,2,0.0475,2,0.7,AAB,DHAPPQ
1375,2,0.0475,2,0.7,ABA,DHAPPQ
1376,2,0.0475,2,0.7,ABB,DHAPPQ
1377,2,0.0475,2,0.7,AAB,KAFLUM
1378,2,0.0475,2,0.7,ABA,KAFLUM
1379,2,0.0475,2,0.7,ABB,KAFLUM
1380,2,0.0475,2,0.8,AAB,DHAPPQ
1381,2,0.0475,2,0.8,ABA,DHAPPQ
1382,2,0.0475,2,0.8,ABB,DHAPPQ
1383,2,0.0475,2,0.8,AAB,KAFLUM
1384,2,0.0475,2,0.8,ABA,KAFLUM
1385,2,0.0475,2,0.8,ABB,KAFLUM
1386,2,0.0475,2,0.9,AAB,DHAPPQ
1387,2,0.0475,2,0.9,ABA,DHAPPQ
1388,2,0.0475,2,0.9,ABB,DHAPPQ
1389,2,0.0475,2,0.9,AAB,KAFLUM
1390,2,0.0475,2,0.9,ABA,KAFLUM
1391,2,0.0475,2,0.9,ABB,KAFLUM
1392,2,0.0475,5,0.6,AAB,DHAPPQ
1393,2,0.0475,5,0.6,ABA,DHAPPQ
1394,2,0.0475,5,0.6,ABB,DHAPPQ
1395,2,0.0475,5,0.6,AAB,KAFLUM
1396,2,0.0475,5,0.6,ABA,KAFLUM
1397,2,0.0475,5,0.6,ABB,KAFLUM
1398,2,0.0475,5,0.7,AAB,DHAPPQ
1399,2,0.0475,5,0.7,ABA,DHAPPQ
1400,2,0.0475,5,0.7,ABB,DHAPPQ
1401,2,0.0475,5,0.7,AAB,KAFLUM
1402,2,0.0475,5,0.7,ABA,KAFLUM
1403,2,0.0475,5,0.7,ABB,KAFLUM
1404,2,0.0475,5,0.8,AAB,DHAPPQ
1405,2,0.0475,5,0.8,ABA,DHAPPQ
1406,2,0.0475,5,0.8,ABB,DHAPPQ
1407,2,0.0475,5,0.8,AAB,KAFLUM
1408,2,0.0475,5,0.8,ABA,KAFLUM
1409,2,0.0475,5,0.8,ABB,KAFLUM
1410,2,0.0475,5,0.9,AAB,DHAPPQ
1411,2,0.0475,5,0.9,ABA,DHAPPQ
1412,2,0.0475,5,0.9,ABB,DHAPPQ
1413,2,0.0475,5,0.9,AAB,KAFLUM
1414,2,0.0475,5,0.9,ABA,KAFLUM
1415,2,0.0475,5,0.9,ABB,KAFLUM
1416,2,0.0475,10,0.6,AAB,DHAPPQ
1417,2,0.0475,10,0.6,ABA,DHAPPQ
1418,2,0.0475,10,0.6,ABB,DHAPPQ
1419,2,0.0475,10,0.6,AAB,KAFLUM
1420,2,0.0475,10,0.6,ABA,KAFLUM
1421,2,0.0475,10,0.6,ABB,KAFLUM
1422,2,0.0475,10,0.7,AAB,DHAPPQ
1423,2,0.0475,10,0.7,ABA,DHAPPQ
1424,2,0.0475,10,0.7,ABB,DHAPPQ
1425,2,0.0475,10,0.7,AAB,KAFLUM
1426,2,0.0475,10,0.7,ABA,KAFLUM
1427,2,0.0475,10,0.7,ABB,KAFLUM
1428,2,0.0475,10,0.8,AAB,DHAPPQ
1429,2,0.0475,10,0.8,ABA,DHAPPQ
1430,2,0.0475,10,0.8,ABB,DHAPPQ
1431,2,0.0475,10,0.8,AAB,KAFLUM
1432,2,0.0475,10,0.8,ABA,KAFLUM
1433,2,0.0475,10,0.8,ABB,KAFLUM
1434,2,0.0475,10,0.9,AAB,DHAPPQ
1435,2,0.0475,10,0.9,ABA,DHAPPQ
1436,2,0.0475,10,0.9,ABB,DHAPPQ
1437,2,0.0475,10,0.9,AAB,KAFLUM
1438,2,0.0475,10,0.9,ABA,KAFLUM
1439,2,0.0475,10,0.9,ABB,KAFLUM
1440,3,0.06413,1,0.6,AAB,DHAPPQ
1441,3,0.06413,1,0.6,ABA,DHAPPQ
1442,3,0.06413,1,0.6,ABB,DHAPPQ
1443,3,0.06413,1,0.6,AAB,KAFLUM
1444,3,0.06413,1,0.6,ABA,KAFLUM
1445,3,0.06413,1,0.6,ABB,KAFLUM
1446,3,0.06413,1,0.7,AAB,DHAPPQ
1447,3,0.06413,1,0.7,ABA,DHAPPQ
1448,3,0.06413,1,0.7,ABB,DHAPPQ
1449,3,0.06413,1,0.7,AAB,KAFLUM
1450,3,0.06413,1,0.7,ABA,KAFLUM
1451,3,0.06413,1,0.7,ABB,KAFLUM
1452,3,0.06413,1,0.8,AAB,DHAPPQ
1453,3,0.06413,1,0.8,ABA,DHAPPQ
1454,3,0.06413,1,0.8,ABB,DHAPPQ
1455,3,0.06413,1,0.8,AAB,KAFLUM
1456,3,0.06413,1,0.8,ABA,KAFLUM
1457,3,0.06413,1,0.8,ABB,KAFLUM
1458,3,0.06413,1,0.9,AAB,DHAPPQ
1459,3,0.06413,1,0.9,ABA,DHAPPQ
1460,3,0.06413,1,0.9,ABB,DHAPPQ
1461,3,0.06413,1,0.9,AAB,KAFLUM
1462,3,0.06413,1,0.9,ABA,KAFLUM
1463,3,0.06413,1,0.9,ABB,KAFLUM
1464,3,0.06413,2,0.6,AAB,DHAPPQ
1465,3,0.06413,2,0.6,ABA,DHAPPQ
1466,3,0.06413,2,0.6,ABB,DHAPPQ
1467,3,0.06413,2,0.6,AAB,KAFLUM
1468,3,0.06413,2,0.6,ABA,KAFLUM
1469,3,0.06413,2,0.6,ABB,KAFLUM
1470,3,0.06413,2,0.7,AAB,DHAPPQ
1471,3,0.06413,2,0.7,ABA,DHAPPQ
1472,3,0.06413,2,0.7,ABB,DHAPPQ
1473,3,0.06413,2,0.7,AAB,KAFLUM
1474,3,0.06413,2,0.7,ABA,KAFLUM
1475,3,0.06413,2,0.7,ABB,KAFLUM
1476,3,0.06413,2,0.8,AAB,DHAPPQ
1477,3,0.06413,2,0.8,ABA,DHAPPQ
1478,3,0.06413,2,0.8,ABB,DHAPPQ
1479,3,0.06413,2,0.8,AAB,KAFLUM
1480,3,0.06413,2,0.8,ABA,KAFLUM
1481,3,0.06413,2,0.8,ABB,KAFLUM
1482,3,0.06413,2,0.9,AAB,DHAPPQ
1483,3,0.06413,2,0.9,ABA,DHAPPQ
1484,3,0.06413,2,0.9,ABB,DHAPPQ
1485,3,0.06413,2,0.9,AAB,KAFLUM
1486,3,0.06413,2,0.9,ABA,KAFLUM
1487,3,0.06413,2,0.9,ABB,KAFLUM
1488,3,0.06413,5,0.6,AAB,DHAPPQ
1489,3,0.06413,5,0.6,ABA,DHAPPQ
1490,3,0.06413,5,0.6,ABB,DHAPPQ
1491,3,0.06413,5,0.6,AAB,KAFLUM
1492,3,0.06413,5,0.6,ABA,KAFLUM
1493,3,0.06413,5,0.6,ABB,KAFLUM
1494,3,0.06413,5,0.7,AAB,DHAPPQ
1495,3,0.06413,5,0.7,ABA,DHAPPQ
1496,3,0.06413,5,0.7,ABB,DHAPPQ
1497,3,0.06413,5,0.7,AAB,KAFLUM
1498,3,0.06413,5,0.7,ABA,KAFLUM
1499,3,0.06413,5,0.7,ABB,KAFLUM
1500,3,0.06413,5,0.8,AAB,DHAPPQ
1501,3,0.06413,5,0.8,ABA,DHAPPQ
1502,3,0.06413,5,0.8,ABB,DHAPPQ
1503,3,0.06413,5,0.8,AAB,KAFLUM
1504,3,0.06413,5,0.8,ABA,KAFLUM
1505,3,0.06413,5,0.8,ABB,KAFLUM
1506,3,0.06413,5,0.9,AAB,DHAPPQ
1507,3,0.06413,5,0.9,ABA,DHAPPQ
1508,3,0.06413,5,0.9,ABB,DHAPPQ
1509,3,0.06413,5,0.9,AAB,KAFLUM
1510,3,0.06413,5,0.9,ABA,KAFLUM
1511,3,0.06413,5,0.9,ABB,KAFLUM
1512,3,0.06413,10,0.6,AAB,DHAPPQ
1513,3,0.06413,10,0.6,ABA,DHAPPQ
1514,3,0.06413,10,0.6,ABB,DHAPPQ
1515,3,0.06413,10,0.6,AAB,KAFLUM
1516,3,0.06413,10,0.6,ABA,KAFLUM
1517,3,0.06413,10,0.6,ABB,KAFLUM
1518,3,0.06413,10,0.7,AAB,DHAPPQ
1519,3,0.06413,10,0.7,ABA,DHAPPQ
1520,3,0.06413,10,0.7,ABB,DHAPPQ
1521,3,0.06413,10,0.7,AAB,KAFLUM
1522,3,0.06413,10,0.7,ABA,KAFLUM
1523,3,0.06413,10,0.7,ABB,KAFLUM
1524,3,0.06413,10,0.8,AAB,DHAPPQ
1525,3,0.06413,10,0.8,ABA,DHAPPQ
1526,3,0.06413,10,0.8,ABB,DHAPPQ
1527,3,0.06413,10,0.8,AAB,KAFLUM
1528,3,0.06413,10,0.8,ABA,KAFLUM
1529,3,0.06413,10,0.8,ABB,KAFLUM
1530,3,0.06413,10,0.9,AAB,DHAPPQ
1531,3,0.06413,10,0.9,ABA,DHAPPQ
1532,3,0.06413,10,0.9,ABB,DHAPPQ
1533,3,0.06413,10,0.9,AAB,KAFLUM
1534,3,0.06413,10,0.9,ABA,KAFLUM
1535,3,0.06413,10,0.9,ABB,KAFLUM
1536,3,0.0585,1,0.6,AAB,DHAPPQ
1537,3,0.0585,1,0.6,ABA,DHAPPQ
1538,3,0.0585,1,0.6,ABB,DHAPPQ
1539,3,0.0585,1,0.6,AAB,KAFLUM
1540,3,0.0585,1,0.6,ABA,KAFLUM
1541,3,0.0585,1,0.6,ABB,KAFLUM
1542,3,0.0585,1,0.7,AAB,DHAPPQ
1543,3,0.0585,1,0.7,ABA,DHAPPQ
1544,3,0.0585,1,0.7,ABB,DHAPPQ
1545,3,0.0585,1,0.7,AAB,KAFLUM
1546,3,0.0585,1,0.7,ABA,KAFLUM
1547,3,0.0585,1,0.7,ABB,KAFLUM
1548,3,0.0585,1,0.8,AAB,DHAPPQ
1549,3,0.0585,1,0.8,ABA,DHAPPQ
1550,3,0.0585,1,0.8,ABB,DHAPPQ
1551,3,0.0585,1,0.8,AAB,KAFLUM
1552,3,0.0585,1,0.8,ABA,KAFLUM
1553,3,0.0585,1,0.8,ABB,KAFLUM
1554,3,0.0585,1,0.9,AAB,DHAPPQ
1555,3,0.0585,1,0.9,ABA,DHAPPQ
1556,3,0.0585,1,0.9,ABB,DHAPPQ
1557,3,0.0585,1,0.9,AAB,KAFLUM
1558,3,0.0585,1,0.9,ABA,KAFLUM
1559,3,0.0585,1,0.9,ABB,KAFLUM
1560,3,0.0585,2,0.6,AAB,DHAPPQ
1561,3,0.0585,2,0.6,ABA,DHAPPQ
1562,3,0.0585,2,0.6,ABB,DHAPPQ
1563,3,0.0585,2,0.6,AAB,KAFLUM
1564,3,0.0585,2,0.6,ABA,KAFLUM
1565,3,0.0585,2,0.6,ABB,KAFLUM
1566,3,0.0585,2,0.7,AAB,DHAPPQ
1567,3,0.0585,2,0.7,ABA,DHAPPQ
1568,3,0.0585,2,0.7,ABB,DHAPPQ
1569,3,0.0585,2,0.7,AAB,KAFLUM
1570,3,0.0585,2,0.7,ABA,KAFLUM
1571,3,0.0585,2,0.7,ABB,KAFLUM
1572,3,0.0585,2,0.8,AAB,DHAPPQ
1573,3,0.0585,2,0.8,ABA,DHAPPQ
1574,3,0.0585,2,0.8,ABB,DHAPPQ
1575,3,0.0585,2,0.8,AAB,KAFLUM
1576,3,0.0585,2,0.8,ABA,KAFLUM
1577,3,0.0585,2,0.8,ABB,KAFLUM
1578,3,0.0585,2,0.9,AAB,DHAPPQ
1579,3,0.0585,2,0.9,ABA,DHAPPQ
1580,3,0.0585,2,0.9,ABB,DHAPPQ
1581,3,0.0585,2,0.9,AAB,KAFLUM
1582,3,0.0585,2,0.9,ABA,KAFLUM
1583,3,0.0585,2,0.9,ABB,KAFLUM
1584,3,0.0585,5,0.6,AAB,DHAPPQ
1585,3,0.0585,5,0.6,ABA,DHAPPQ
1586,3,0.0585,5,0.6,ABB,DHAPPQ
1587,3,0.0585,5,0.6,AAB,KAFLUM
1588,3,0.0585,5,0.6,ABA,KAFLUM
1589,3,0.0585,5,0.6,ABB,KAFLUM
1590,3,0.0585,5,0.7,AAB,DHAPPQ
1591,3,0.0585,5,0.7,ABA,DHAPPQ
1592,3,0.0585,5,0.7,ABB,DHAPPQ
1593,3,0.0585,5,0.7,AAB,KAFLUM
1594,3,0.0585,5,0.7,ABA,KAFLUM
1595,3,0.0585,5,0.7,ABB,KAFLUM
1596,3,0.0585,5,0.8,AAB,DHAPPQ
1597,3,0.0585,5,0.8,ABA,DHAPPQ
1598,3,0.0585,5,0.8,ABB,DHAPPQ
1599,3,0.0585,5,0.8,AAB,KAFLUM
1600,3,0.0585,5,0.8,ABA,KAFLUM
1601,3,0.0585,5,0.8,ABB,KAFLUM
1602,3,0.0585,5,0.9,AAB,DHAPPQ
1603,3,0.0585,5,0.9,ABA,DHAPPQ
1604,3,0.0585,5,0.9,ABB,DHAPPQ
1605,3,0.0585,5,0.9,AAB,KAFLUM
1606,3,0.0585,5,0.9,ABA,KAFLUM
1607,3,0.0585,5,0.9,ABB,KAFLUM
1608,3,0.0585,10,0.6,AAB,DHAPPQ
1609,3,0.0585,10,0.6,ABA,DHAPPQ
1610,3,0.0585,10,0.6,ABB,DHAPPQ
1611,3,0.0585,10,0.6,AAB,KAFLUM
1612,3,0.0585,10,0.6,ABA,KAFLUM
1613,3,0.0585,10,0.6,ABB,KAFLUM
1614,3,0.0585,10,0.7,AAB,DHAPPQ
1615,3,0.0585,10,0.7,ABA,DHAPPQ
1616,3,0.0585,10,0.7,ABB,DHAPPQ
1617,3,0.0585,10,0.7,AAB,KAFLUM
1618,3,0.0585,10,0.7,ABA,KAFLUM
1619,3,0.0585,10,0.7,ABB,KAFLUM
1620,3,0.0585,10,0.8,AAB,DHAPPQ
1621,3,0.0585,10,0.8,ABA,DHAPPQ
1622,3,0.0585,10,0.8,ABB,DHAPPQ
1623,3,0.0585,10,0.8,AAB,KAFLUM
1624,3,0.0585,10,0.8,ABA,KAFLUM
1625,3,0.0585,10,0.8,ABB,KAFLUM
1626,3,0.0585,10,0.9,AAB,DHAPPQ
1627,3,0.0585,10,0.9,ABA,DHAPPQ
1628,3,0.0585,10,0.9,ABB,DHAPPQ
1629,3,0.0585,10,0.9,AAB,KAFLUM
1630,3,0.0585,10,0.9,ABA,KAFLUM
1631,3,0.0585,10,0.9,ABB,KAFLUM
1632,3,0.0538,1,0.6,AAB,DHAPPQ
1633,3,0.0538,1,0.6,ABA,DHAPPQ
1634,3,0.0538,1,0.6,ABB,DHAPPQ
1635,3,0.0538,1,0.6,AAB,KAFLUM
1636,3,0.0538,1,0.6,ABA,KAFLUM
1637,3,0.0538,1,0.6,ABB,KAFLUM
1638,3,0.0538,1,0.7,AAB,DHAPPQ
1639,3,0.0538,1,0.7,ABA,DHAPPQ
1640,3,0.0538,1,0.7,ABB,DHAPPQ
1641,3,0.0538,1,0.7,AAB,KAFLUM
1642,3,0.0538,1,0.7,ABA,KAFLUM
1643,3,0.0538,1,0.7,ABB,KAFLUM
1644,3,0.0538,1,0.8,AAB,DHAPPQ
1645,3,0.0538,1,0.8,ABA,DHAPPQ
1646,3,0.0538,1,0.8,ABB,DHAPPQ
1647,3,0.0538,1,0.8,AAB,KAFLUM
1648,3,0.0538,1,0.8,ABA,KAFLUM
1649,3,0.0538,1,0.8,ABB,KAFLUM
1650,3,0.0538,1,0.9,AAB,DHAPPQ
1651,3,0.0538,1,0.9,ABA,DHAPPQ
1652,3,0.0538,1,0.9,ABB,DHAPPQ
1653,3,0.0538,1,0.9,AAB,KAFLUM
1654,3,0.0538,1,0.9,ABA,KAFLUM
1655,3,0.0538,1,0.9,ABB,KAFLUM
1656,3,0.0538,2,0.6,AAB,DHAPPQ
1657,3,0.0538,2,0.6,ABA,DHAPPQ
1658,3,0.0538,2,0.6,ABB,DHAPPQ
1659,3,0.0538,2,0.6,AAB,KAFLUM
1660,3,0.0538,2,0.6,ABA,KAFLUM
1661,3,0.0538,2,0.6,ABB,KAFLUM
1662,3,0.0538,2,0.7,AAB,DHAPPQ
1663,3,0.0538,2,0.7,ABA,DHAPPQ
1664,3,0.0538,2,0.7,ABB,DHAPPQ
1665,3,0.0538,2,0.7,AAB,KAFLUM
1666,3,0.0538,2,0.7,ABA,KAFLUM
1667,3,0.0538,2,0.7,ABB,KAFLUM
1668,3,0.0538,2,0.8,AAB,DHAPPQ
1669,3,0.0538,2,0.8,ABA,DHAPPQ
1670,3,0.0538,2,0.8,ABB,DHAPPQ
1671,3,0.0538,2,0.8,AAB,KAFLUM
1672,3,0.0538,2,0.8,ABA,KAFLUM
1673,3,0.0538,2,0.8,ABB,KAFLUM
1674,3,0.0538,2,0.9,AAB,DHAPPQ
1675,3,0.0538,2,0.9,ABA,DHAPPQ
1676,3,0.0538,2,0.9,ABB,DHAPPQ
1677,3,0.0538,2,0.9,AAB,KAFLUM
1678,3,0.0538,2,0.9,ABA,KAFLUM
1679,3,0.0538,2,0.9,ABB,KAFLUM
1680,3,0.0538,5,0.6,AAB,DHAPPQ
1681,3,0.0538,5,0.6,ABA,DHAPPQ
1682,3,0.0538,5,0.6,ABB,DHAPPQ
1683,3,0.0538,5,0.6,AAB,KAFLUM
1684,3,0.0538,5,0.6,ABA,KAFLUM
1685,3,0.0538,5,0.6,ABB,KAFLUM
1686,3,0.0538,5,0.7,AAB,DHAPPQ
1687,3,0.0538,5,0.7,ABA,DHAPPQ
1688,3,0.0538,5,0.7,ABB,DHAPPQ
1689,3,0.0538,5,0.7,AAB,KAFLUM
1690,3,0.0538,5,0.7,ABA,KAFLUM
1691,3,0.0538,5,0.7,ABB,KAFLUM
1692,3,0.0538,5,0.8,AAB,DHAPPQ
1693,3,0.0538,5,0.8,ABA,DHAPPQ
1694,3,0.0538,5,0.8,ABB,DHAPPQ
1695,3,0.0538,5,0.8,AAB,KAFLUM
1696,3,0.0538,5,0.8,ABA,KAFLUM
1697,3,0.0538,5,0.8,ABB,KAFLUM
1698,3,0.0538,5,0.9,AAB,DHAPPQ
1699,3,0.0538,5,0.9,ABA,DHAPPQ
1700,3,0.0538,5,0.9,ABB,DHAPPQ
1701,3,0.0538,5,0.9,AAB,KAFLUM
1702,3,0.0538,5,0.9,ABA,KAFLUM
1703,3,0.0538,5,0.9,ABB,KAFLUM
1704,3,0.0538,10,0.6,AAB,DHAPPQ
1705,3,0.0538,10,0.6,ABA,DHAPPQ
1706,3,0.0538,10,0.6,ABB,DHAPPQ
1707,3,0.0538,10,0.6,AAB,KAFLUM
1708,3,0.0538,10,0.6,ABA,KAFLUM
1709,3,0.0538,10,0.6,ABB,KAFLUM
1710,3,0.0538,10,0.7,AAB,DHAPPQ
1711,3,0.0538,10,0.7,ABA,DHAPPQ
1712,3,0.0538,10,0.7,ABB,DHAPPQ
1713,3,0.0538,10,0.7,AAB,KAFLUM
1714,3,0.0538,10,0.7,ABA,KAFLUM
1715,3,0.0538,10,0.7,ABB,KAFLUM
1716,3,0.0538,10,0.8,AAB,DHAPPQ
1717,3,0.0538,10,0.8,ABA,DHAPPQ
1718,3,0.0538,10,0.8,ABB,DHAPPQ
1719,3,0.0538,10,0.8,AAB,KAFLUM
1720,3,0.0538,10,0.8,ABA,KAFLUM
1721,3,0.0538,10,0.8,ABB,KAFLUM
1722,3,0.0538,10,0.9,AAB,DHAPPQ
1723,3,0.0538,10,0.9,ABA,DHAPPQ
1724,3,0.0538,10,0.9,ABB,DHAPPQ
1725,3,0.0538,10,0.9,AAB,KAFLUM
1726,3,0.0538,10,0.9,ABA,KAFLUM
1727,3,0.0538,10,0.9,ABB,KAFLUM
1728,3,0.0508,1,0.6,AAB,DHAPPQ
1729,3,0.0508,1,0.6,ABA,DHAPPQ
1730,3,0.0508,1,0.6,ABB,DHAPPQ
1731,3,0.0508,1,0.6,AAB,KAFLUM
1732,3,0.0508,1,0.6,ABA,KAFLUM
1733,3,0.0508,1,0.6,ABB,KAFLUM
1734,3,0.0508,1,0.7,AAB,DHAPPQ
1735,3,0.0508,1,0.7,ABA,DHAPPQ
1736,3,0.0508,1,0.7,ABB,DHAPPQ
1737,3,0.0508,1,0.7,AAB,KAFLUM
1738,3,0.0508,1,0.7,ABA,KAFLUM
1739,3,0.0508,1,0.7,ABB,KAFLUM
1740,3,0.0508,1,0.8,AAB,DHAPPQ
1741,3,0.0508,1,0.8,ABA,DHAPPQ
1742,3,0.0508,1,0.8,ABB,DHAPPQ
1743,3,0.0508,1,0.8,AAB,KAFLUM
1744,3,0.0508,1,0.8,ABA,KAFLUM
1745,3,0.0508,1,0.8,ABB,KAFLUM
1746,3,0.0508,1,0.9,AAB,DHAPPQ
1747,3,0.0508,1,0.9,ABA,DHAPPQ
1748,3,0.0508,1,0.9,ABB,DHAPPQ
1749,3,0.0508,1,0.9,AAB,KAFLUM
1750,3,0.0508,1,0.9,ABA,KAFLUM
1751,3,0.0508,1,0.9,ABB,KAFLUM
1752,3,0.0508,2,0.6,AAB,DHAPPQ
1753,3,0.0508,2,0.6,ABA,DHAPPQ
1754,3,0.0508,2,0.6,ABB,DHAPPQ
1755,3,0.0508,2,0.6,AAB,KAFLUM
1756,3,0.0508,2,0.6,ABA,KAFLUM
1757,3,0.0508,2,0.6,ABB,KAFLUM
1758,3,0.0508,2,0.7,AAB,DHAPPQ
1759,3,0.0508,2,0.7,ABA,DHAPPQ
1760,3,0.0508,2,0.7,ABB,DHAPPQ
1761,3,0.0508,2,0.7,AAB,KAFLUM
1762,3,0.0508,2,0.7,ABA,KAFLUM
1763,3,0.0508,2,0.7,ABB,KAFLUM
1764,3,0.0508,2,0.8,AAB,DHAPPQ
1765,3,0.0508,2,0.8,ABA,DHAPPQ
1766,3,0.0508,2,0.8,ABB,DHAPPQ
1767,3,0.0508,2,0.8,AAB,KAFLUM
1768,3,0.0508,2,0.8,ABA,KAFLUM
1769,3,0.0508,2,0.8,ABB,KAFLUM
1770,3,0.0508,2,0.9,AAB,DHAPPQ
1771,3,0.0508,2,0.9,ABA,DHAPPQ
1772,3,0.0508,2,0.9,ABB,DHAPPQ
1773,3,0.0508,2,0.9,AAB,KAFLUM
1774,3,0.0508,2,0.9,ABA,KAFLUM
1775,3,0.0508,2,0.9,ABB,KAFLUM
1776,3,0.0508,5,0.6,AAB,DHAPPQ
1777,3,0.0508,5,0.6,ABA,DHAPPQ
1778,3,0.0508,5,0.6,ABB,DHAPPQ
1779,3,0.0508,5,0.6,AAB,KAFLUM
1780,3,0.0508,5,0.6,ABA,KAFLUM
1781,3,0.0508,5,0.6,ABB,KAFLUM
1782,3,0.0508,5,0.7,AAB,DHAPPQ
1783,3,0.0508,5,0.7,ABA,DHAPPQ
1784,3,0.0508,5,0.7,ABB,DHAPPQ
1785,3,0.0508,5,0.7,AAB,KAFLUM
1786,3,0.0508,5,0.7,ABA,KAFLUM
1787,3,0.0508,5,0.7,ABB,KAFLUM
1788,3,0.0508,5,0.8,AAB,DHAPPQ
1789,3,0.0508,5,0.8,ABA,DHAPPQ
1790,3,0.0508,5,0.8,ABB,DHAPPQ
1791,3,0.0508,5,0.8,AAB,KAFLUM
1792,3,0.0508,5,0.8,ABA,KAFLUM
1793,3,0.0508,5,0.8,ABB,KAFLUM
1794,3,0.0508,5,0.9,AAB,DHAPPQ
1795,3,0.0508,5,0.9,ABA,DHAPPQ
1796,3,0.0508,5,0.9,ABB,DHAPPQ
1797,3,0.0508,5,0.9,AAB,KAFLUM
1798,3,0.0508,5,0.9,ABA,KAFLUM
1799,3,0.0508,5,0.9,ABB,KAFLUM
1800,3,0.0508,10,0.6,AAB,DHAPPQ
1801,3,0.0508,10,0.6,ABA,DHAPPQ
1802,3,0.0508,10,0.6,ABB,DHAPPQ
1803,3,0.0508,10,0.6,AAB,KAFLUM
1804,3,0.0508,10,0.6,ABA,KAFLUM
1805,3,0.0508,10,0.6,ABB,KAFLUM
1806,3,0.0508,10,0.7,AAB,DHAPPQ
1807,3,0.0508,10,0.7,ABA,DHAPPQ
1808,3,0.0508,10,0.7,ABB,DHAPPQ
1809,3,0.0508,10,0.7,AAB,KAFLUM
1810,3,0.0508,10,0.7,ABA,KAFLUM
1811,3,0.0508,10,0.7,ABB,KAFLUM
1812,3,0.0508,10,0.8,AAB,DHAPPQ
1813,3,0.0508,10,0.8,ABA,DHAPPQ
1814,3,0.0508,10,0.8,ABB,DHAPPQ
1815,3,0.0508,10,0.8,AAB,KAFLUM
1816,3,0.0508,10,0.8,ABA,KAFLUM
1817,3,0.0508,10,0.8,ABB,KAFLUM
1818,3,0.0508,10,0.9,AAB,DHAPPQ
1819,3,0.0508,10,0.9,ABA,DHAPPQ
1820,3,0.0508,10,0.9,ABB,DHAPPQ
1821,3,0.0508,10,0.9,AAB,KAFLUM
1822,3,0.0508,10,0.9,ABA,KAFLUM
1823,3,0.0508,10,0.9,ABB,KAFLUM
1824,3,0.0475,1,0.6,AAB,DHAPPQ
1825,3,0.0475,1,0.6,ABA,DHAPPQ
1826,3,0.0475,1,0.6,ABB,DHAPPQ
1827,3,0.0475,1,0.6,AAB,KAFLUM
1828,3,0.0475,1,0.6,ABA,KAFLUM
1829,3,0.0475,1,0.6,ABB,KAFLUM
1830,3,0.0475,1,0.7,AAB,DHAPPQ
1831,3,0.0475,1,0.7,ABA,DHAPPQ
1832,3,0.0475,1,0.7,ABB,DHAPPQ
1833,3,0.0475,1,0.7,AAB,KAFLUM
1834,3,0.0475,1,0.7,ABA,KAFLUM
1835,3,0.0475,1,0.7,ABB,KAFLUM
1836,3,0.0475,1,0.8,AAB,DHAPPQ
1837,3,0.0475,1,0.8,ABA,DHAPPQ
1838,3,0.0475,1,0.8,ABB,DHAPPQ
1839,3,0.0475,1,0.8,AAB,KAFLUM
1840,3,0.0475,1,0.8,ABA,KAFLUM
1841,3,0.0475,1,0.8,ABB,KAFLUM
1842,3,0.0475,1,0.9,AAB,DHAPPQ
1843,3,0.0475,1,0.9,ABA,DHAPPQ
1844,3,0.0475,1,0.9,ABB,DHAPPQ
1845,3,0.0475,1,0.9,AAB,KAFLUM
1846,3,0.0475,1,0.9,ABA,KAFLUM
1847,3,0.0475,1,0.9,ABB,KAFLUM
1848,3,0.0475,2,0.6,AAB,DHAPPQ
1849,3,0.0475,2,0.6,ABA,DHAPPQ
1850,3,0.0475,2,0.6,ABB,DHAPPQ
1851,3,0.0475,2,0.6,AAB,KAFLUM
1852,3,0.0475,2,0.6,ABA,KAFLUM
1853,3,0.0475,2,0.6,ABB,KAFLUM
1854,3,0.0475,2,0.7,AAB,DHAPPQ
1855,3,0.0475,2,0.7,ABA,DHAPPQ
1856,3,0.0475,2,0.7,ABB,DHAPPQ
1857,3,0.0475,2,0.7,AAB,KAFLUM
1858,3,0.0475,2,0.7,ABA,KAFLUM
1859,3,0.0475,2,0.7,ABB,KAFLUM
1860,3,0.0475,2,0.8,AAB,DHAPPQ
1861,3,0.0475,2,0.8,ABA,DHAPPQ
1862,3,0.0475,2,0.8,ABB,DHAPPQ
1863,3,0.0475,2,0.8,AAB,KAFLUM
1864,3,0.0475,2,0.8,ABA,KAFLUM
1865,3,0.0475,2,0.8,ABB,KAFLUM
1866,3,0.0475,2,0.9,AAB,DHAPPQ
1867,3,0.0475,2,0.9,ABA,DHAPPQ
1868,3,0.0475,2,0.9,ABB,DHAPPQ
1869,3,0.0475,2,0.9,AAB,KAFLUM
1870,3,0.0475,2,0.9,ABA,KAFLUM
1871,3,0.0475,2,0.9,ABB,KAFLUM
1872,3,0.0475,5,0.6,AAB,DHAPPQ
1873,3,0.0475,5,0.6,ABA,DHAPPQ
1874,3,0.0475,5,0.6,ABB,DHAPPQ
1875,3,0.0475,5,0.6,AAB,KAFLUM
1876,3,0.0475,5,0.6,ABA,KAFLUM
1877,3,0.0475,5,0.6,ABB,KAFLUM
1878,3,0.0475,5,0.7,AAB,DHAPPQ
1879,3,0.0475,5,0.7,ABA,DHAPPQ
1880,3,0.0475,5,0.7,ABB,DHAPPQ
1881,3,0.0475,5,0.7,AAB,KAFLUM
1882,3,0.0475,5,0.7,ABA,KAFLUM
1883,3,0.0475,5,0.7,ABB,KAFLUM
1884,3,0.0475,5,0.8,AAB,DHAPPQ
1885,3,0.0475,5,0.8,ABA,DHAPPQ
1886,3,0.0475,5,0.8,ABB,DHAPPQ
1887,3,0.0475,5,0.8,AAB,KAFLUM
1888,3,0.0475,5,0.8,ABA,KAFLUM
1889,3,0.0475,5,0.8,ABB,KAFLUM
1890,3,0.0475,5,0.9,AAB,DHAPPQ
1891,3,0.0475,5,0.9,ABA,DHAPPQ
1892,3,0.0475,5,0.9,ABB,DHAPPQ
1893,3,0.0475,5,0.9,AAB,KAFLUM
1894,3,0.0475,5,0.9,ABA,KAFLUM
1895,3,0.0475,5,0.9,ABB,KAFLUM
1896,3,0.0475,10,0.6,AAB,DHAPPQ
1897,3,0.0475,10,0.6,ABA,DHAPPQ
1898,3,0.0475,10,0.6,ABB,DHAPPQ
1899,3,0.0475,10,0.6,AAB,KAFLUM
1900,3,0.0475,10,0.6,ABA,KAFLUM
1901,3,0.0475,10,0.6,ABB,KAFLUM
1902,3,0.0475,10,0.7,AAB,DHAPPQ
1903,3,0.0475,10,0.7,ABA,DHAPPQ
1904,3,0.0475,10,0.7,ABB,DHAPPQ
1905,3,0.0475,10,0.7,AAB,KAFLUM
1906,3,0.0475,10,0.7,ABA,KAFLUM
1907,3,0.0475,10,0.7,ABB,KAFLUM
1908,3,0.0475,10,0.8,AAB,DHAPPQ
1909,3,0.0475,10,0.8,ABA,DHAPPQ
1910,3,0.0475,10,0.8,ABB,DHAPPQ
1911,3,0.0475,10,0.8,AAB,KAFLUM
1912,3,0.0475,10,0.8,ABA,KAFLUM
1913,3,0.0475,10,0.8,ABB,KAFLUM
1914,3,0.0475,10,0.9,AAB,DHAPPQ
1915,3,0.0475,10,0.9,ABA,DHAPPQ
1916,3,0.0475,10,0.9,ABB,DHAPPQ
1917,3,0.0475,10,0.9,AAB,KAFLUM
1918,3,0.0475,10,0.9,ABA,KAFLUM
1919,3,0.0475,10,0.9,ABB,KAFLUM
1920,4,0.06413,1,0.6,AAB,DHAPPQ
1921,4,0.06413,1,0.6,ABA,DHAPPQ
1922,4,0.06413,1,0.6,ABB,DHAPPQ
1923,4,0.06413,1,0.6,AAB,KAFLUM
1924,4,0.06413,1,0.6,ABA,KAFLUM
1925,4,0.06413,1,0.6,ABB,KAFLUM
1926,4,0.06413,1,0.7,AAB,DHAPPQ
1927,4,0.06413,1,0.7,ABA,DHAPPQ
1928,4,0.06413,1,0.7,ABB,DHAPPQ
1929,4,0.06413,1,0.7,AAB,KAFLUM
1930,4,0.06413,1,0.7,ABA,KAFLUM
1931,4,0.06413,1,0.7,ABB,KAFLUM
1932,4,0.06413,1,0.8,AAB,DHAPPQ
1933,4,0.06413,1,0.8,ABA,DHAPPQ
1934,4,0.06413,1,0.8,ABB,DHAPPQ
1935,4,0.06413,1,0.8,AAB,KAFLUM
1936,4,0.06413,1,0.8,ABA,KAFLUM
1937,4,0.06413,1,0.8,ABB,KAFLUM
1938,4,0.06413,1,0.9,AAB,DHAPPQ
1939,4,0.06413,1,0.9,ABA,DHAPPQ
1940,4,0.06413,1,0.9,ABB,DHAPPQ
1941,4,0.06413,1,0.9,AAB,KAFLUM
1942,4,0.06413,1,0.9,ABA,KAFLUM
1943,4,0.06413,1,0.9,ABB,KAFLUM
1944,4,0.06413,2,0.6,AAB,DHAPPQ
1945,4,0.06413,2,0.6,ABA,DHAPPQ
1946,4,0.06413,2,0.6,ABB,DHAPPQ
1947,4,0.06413,2,0.6,AAB,KAFLUM
1948,4,0.06413,2,0.6,ABA,KAFLUM
1949,4,0.06413,2,0.6,ABB,KAFLUM
1950,4,0.06413,2,0.7,AAB,DHAPPQ
1951,4,0.06413,2,0.7,ABA,DHAPPQ
1952,4,0.06413,2,0.7,ABB,DHAPPQ
1953,4,0.06413,2,0.7,AAB,KAFLUM
1954,4,0.06413,2,0.7,ABA,KAFLUM
1955,4,0.06413,2,0.7,ABB,KAFLUM
1956,4,0.06413,2,0.8,AAB,DHAPPQ
1957,4,0.06413,2,0.8,ABA,DHAPPQ
1958,4,0.06413,2,0.8,ABB,DHAPPQ
1959,4,0.06413,2,0.8,AAB,KAFLUM
1960,4,0.06413,2,0.8,ABA,KAFLUM
1961,4,0.06413,2,0.8,ABB,KAFLUM
1962,4,0.06413,2,0.9,AAB,DHAPPQ
1963,4,0.06413,2,0.9,ABA,DHAPPQ
1964,4,0.06413,2,0.9,ABB,DHAPPQ
1965,4,0.06413,2,0.9,AAB,KAFLUM
1966,4,0.06413,2,0.9,ABA,KAFLUM
1967,4,0.06413,2,0.9,ABB,KAFLUM
1968,4,0.06413,5,0.6,AAB,DHAPPQ
1969,4,0.06413,5,0.6,ABA,DHAPPQ
1970,4,0.06413,5,0.6,ABB,DHAPPQ
1971,4,0.06413,5,0.6,AAB,KAFLUM
1972,4,0.06413,5,0.6,ABA,KAFLUM
1973,4,0.06413,5,0.6,ABB,KAFLUM
1974,4,0.06413,5,0.7,AAB,DHAPPQ
1975,4,0.06413,5,0.7,ABA,DHAPPQ
1976,4,0.06413,5,0.7,ABB,DHAPPQ
1977,4,0.06413,5,0.7,AAB,KAFLUM
1978,4,0.06413,5,0.7,ABA,KAFLUM
1979,4,0.06413,5,0.7,ABB,KAFLUM
1980,4,0.06413,5,0.8,AAB,DHAPPQ
1981,4,0.06413,5,0.8,ABA,DHAPPQ
1982,4,0.06413,5,0.8,ABB,DHAPPQ
1983,4,0.06413,5,0.8,AAB,KAFLUM
1984,4,0.06413,5,0.8,ABA,KAFLUM
1985,4,0.06413,5,0.8,ABB,KAFLUM
1986,4,0.06413,5,0.9,AAB,DHAPPQ
1987,4,0.06413,5,0.9,ABA,DHAPPQ
1988,4,0.06413,5,0.9,ABB,DHAPPQ
1989,4,0.06413,5,0.9,AAB,KAFLUM
1990,4,0.06413,5,0.9,ABA,KAFLUM
1991,4,0.06413,5,0.9,ABB,KAFLUM
1992,4,0.06413,10,0.6,AAB,DHAPPQ
1993,4,0.06413,10,0.6,ABA,DHAPPQ
1994,4,0.06413,10,0.6,ABB,DHAPPQ
1995,4,0.06413,10,0.6,AAB,KAFLUM
1996,4,0.06413,10,0.6,ABA,KAFLUM
1997,4,0.06413,10,0.6,ABB,KAFLUM
1998,4,0.06413,10,0.7,AAB,DHAPPQ
1999,4,0.06413,10,0.7,ABA,DHAPPQ
2000,4,0.06413,10,0.7,ABB,DHAPPQ
2001,4,0.06413,10,0.7,AAB,KAFLUM
2002,4,0.06413,10,0.7,ABA,KAFLUM
2003,4,0.06413,10,0.7,ABB,KAFLUM
2004,4,0.06413,10,0.8,AAB,DHAPPQ
2005,4,0.06413,10,0.8,ABA,DHAPPQ
2006,4,0.06413,10,0.8,ABB,DHAPPQ
2007,4,0.06413,10,0.8,AAB,KAFLUM
2008,4,0.06413,10,0.8,ABA,KAFLUM
2009,4,0.06413,10,0.8,ABB,KAFLUM
2010,4,0.06413,10,0.9,AAB,DHAPPQ
2011,4,0.06413,10,0.9,ABA,DHAPPQ
2012,4,0.06413,10,0.9,ABB,DHAPPQ
2013,4,0.06413,10,0.9,AAB,KAFLUM
2014,4,0.06413,10,0.9,ABA,KAFLUM
2015,4,0.06413,10,0.9,ABB,KAFLUM
2016,4,0.0585,1,0.6,AAB,DHAPPQ
2017,4,0.0585,1,0.6,ABA,DHAPPQ
2018,4,0.0585,1,0.6,ABB,DHAPPQ
2019,4,0.0585,1,0.6,AAB,KAFLUM
2020,4,0.0585,1,0.6,ABA,KAFLUM
2021,4,0.0585,1,0.6,ABB,KAFLUM
2022,4,0.0585,1,0.7,AAB,DHAPPQ
2023,4,0.0585,1,0.7,ABA,DHAPPQ
2024,4,0.0585,1,0.7,ABB,DHAPPQ
2025,4,0.0585,1,0.7,AAB,KAFLUM
2026,4,0.0585,1,0.7,ABA,KAFLUM
2027,4,0.0585,1,0.7,ABB,KAFLUM
2028,4,0.0585,1,0.8,AAB,DHAPPQ
2029,4,0.0585,1,0.8,ABA,DHAPPQ
2030,4,0.0585,1,0.8,ABB,DHAPPQ
2031,4,0.0585,1,0.8,AAB,KAFLUM
2032,4,0.0585,1,0.8,ABA,KAFLUM
2033,4,0.0585,1,0.8,ABB,KAFLUM
2034,4,0.0585,1,0.9,AAB,DHAPPQ
2035,4,0.0585,1,0.9,ABA,DHAPPQ
2036,4,0.0585,1,0.9,ABB,DHAPPQ
2037,4,0.0585,1,0.9,AAB,KAFLUM
2038,4,0.0585,1,0.9,ABA,KAFLUM
2039,4,0.0585,1,0.9,ABB,KAFLUM
2040,4,0.0585,2,0.6,AAB,DHAPPQ
2041,4,0.0585,2,0.6,ABA,DHAPPQ
2042,4,0.0585,2,0.6,ABB,DHAPPQ
2043,4,0.0585,2,0.6,AAB,KAFLUM
2044,4,0.0585,2,0.6,ABA,KAFLUM
2045,4,0.0585,2,0.6,ABB,KAFLUM
2046,4,0.0585,2,0.7,AAB,DHAPPQ
2047,4,0.0585,2,0.7,ABA,DHAPPQ
2048,4,0.0585,2,0.7,ABB,DHAPPQ
2049,4,0.0585,2,0.7,AAB,KAFLUM
2050,4,0.0585,2,0.7,ABA,KAFLUM
2051,4,0.0585,2,0.7,ABB,KAFLUM
2052,4,0.0585,2,0.8,AAB,DHAPPQ
2053,4,0.0585,2,0.8,ABA,DHAPPQ
2054,4,0.0585,2,0.8,ABB,DHAPPQ
2055,4,0.0585,2,0.8,AAB,KAFLUM
2056,4,0.0585,2,0.8,ABA,KAFLUM
2057,4,0.0585,2,0.8,ABB,KAFLUM
2058,4,0.0585,2,0.9,AAB,DHAPPQ
2059,4,0.0585,2,0.9,ABA,DHAPPQ
2060,4,0.0585,2,0.9,ABB,DHAPPQ
2061,4,0.0585,2,0.9,AAB,KAFLUM
2062,4,0.0585,2,0.9,ABA,KAFLUM
2063,4,0.0585,2,0.9,ABB,KAFLUM
2064,4,0.0585,5,0.6,AAB,DHAPPQ
2065,4,0.0585,5,0.6,ABA,DHAPPQ
2066,4,0.0585,5,0.6,ABB,DHAPPQ
2067,4,0.0585,5,0.6,AAB,KAFLUM
2068,4,0.0585,5,0.6,ABA,KAFLUM
2069,4,0.0585,5,0.6,ABB,KAFLUM
2070,4,0.0585,5,0.7,AAB,DHAPPQ
2071,4,0.0585,5,0.7,ABA,DHAPPQ
2072,4,0.0585,5,0.7,ABB,DHAPPQ
2073,4,0.0585,5,0.7,AAB,KAFLUM
2074,4,0.0585,5,0.7,ABA,KAFLUM
2075,4,0.0585,5,0.7,ABB,KAFLUM
2076,4,0.0585,5,0.8,AAB,DHAPPQ
2077,4,0.0585,5,0.8,ABA,DHAPPQ
2078,4,0.0585,5,0.8,ABB,DHAPPQ
2079,4,0.0585,5,0.8,AAB,KAFLUM
2080,4,0.0585,5,0.8,ABA,KAFLUM
2081,4,0.0585,5,0.8,ABB,KAFLUM
2082,4,0.0585,5,0.9,AAB,DHAPPQ
2083,4,0.0585,5,0.9,ABA,DHAPPQ
2084,4,0.0585,5,0.9,ABB,DHAPPQ
2085,4,0.0585,5,0.9,AAB,KAFLUM
2086,4,0.0585,5,0.9,ABA,KAFLUM
2087,4,0.0585,5,0.9,ABB,KAFLUM
2088,4,0.0585,10,0.6,AAB,DHAPPQ
2089,4,0.0585,10,0.6,ABA,DHAPPQ
2090,4,0.0585,10,0.6,ABB,DHAPPQ
2091,4,0.0585,10,0.6,AAB,KAFLUM
2092,4,0.0585,10,0.6,ABA,KAFLUM
2093,4,0.0585,10,0.6,ABB,KAFLUM
2094,4,0.0585,10,0.7,AAB,DHAPPQ
2095,4,0.0585,10,0.7,ABA,DHAPPQ
2096,4,0.0585,10,0.7,ABB,DHAPPQ
2097,4,0.0585,10,0.7,AAB,KAFLUM
2098,4,0.0585,10,0.7,ABA,KAFLUM
2099,4,0.0585,10,0.7,ABB,KAFLUM
2100,4,0.0585,10,0.8,AAB,DHAPPQ
2101,4,0.0585,10,0.8,ABA,DHAPPQ
2102,4,0.0585,10,0.8,ABB,DHAPPQ
2103,4,0.0585,10,0.8,AAB,KAFLUM
2104,4,0.0585,10,0.8,ABA,KAFLUM
2105,4,0.0585,10,0.8,ABB,KAFLUM
2106,4,0.0585,10,0.9,AAB,DHAPPQ
2107,4,0.0585,10,0.9,ABA,DHAPPQ
2108,4,0.0585,10,0.9,ABB,DHAPPQ
2109,4,0.0585,10,0.9,AAB,KAFLUM
2110,4,0.0585,10,0.9,ABA,KAFLUM
2111,4,0.0585,10,0.9,ABB,KAFLUM
2112,4,0.0538,1,0.6,AAB,DHAPPQ
2113,4,0.0538,1,0.6,ABA,DHAPPQ
2114,4,0.0538,1,0.6,ABB,DHAPPQ
2115,4,0.0538,1,0.6,AAB,KAFLUM
2116,4,0.0538,1,0.6,ABA,KAFLUM
2117,4,0.0538,1,0.6,ABB,KAFLUM
2118,4,0.0538,1,0.7,AAB,DHAPPQ
2119,4,0.0538,1,0.7,ABA,DHAPPQ
2120,4,0.0538,1,0.7,ABB,DHAPPQ
2121,4,0.0538,1,0.7,AAB,KAFLUM
2122,4,0.0538,1,0.7,ABA,KAFLUM
2123,4,0.0538,1,0.7,ABB,KAFLUM
2124,4,0.0538,1,0.8,AAB,DHAPPQ
2125,4,0.0538,1,0.8,ABA,DHAPPQ
2126,4,0.0538,1,0.8,ABB,DHAPPQ
2127,4,0.0538,1,0.8,AAB,KAFLUM
2128,4,0.0538,1,0.8,ABA,KAFLUM
2129,4,0.0538,1,0.8,ABB,KAFLUM
2130,4,0.0538,1,0.9,AAB,DHAPPQ
2131,4,0.0538,1,0.9,ABA,DHAPPQ
2132,4,0.0538,1,0.9,ABB,DHAPPQ
2133,4,0.0538,1,0.9,AAB,KAFLUM
2134,4,0.0538,1,0.9,ABA,KAFLUM
2135,4,0.0538,1,0.9,ABB,KAFLUM
2136,4,0.0538,2,0.6,AAB,DHAPPQ
2137,4,0.0538,2,0.6,ABA,DHAPPQ
2138,4,0.0538,2,0.6,ABB,DHAPPQ
2139,4,0.0538,2,0.6,AAB,KAFLUM
2140,4,0.0538,2,0.6,ABA,KAFLUM
2141,4,0.0538,2,0.6,ABB,KAFLUM
2142,4,0.0538,2,0.7,AAB,DHAPPQ
2143,4,0.0538,2,0.7,ABA,DHAPPQ
2144,4,0.0538,2,0.7,ABB,DHAPPQ
2145,4,0.0538,2,0.7,AAB,KAFLUM
2146,4,0.0538,2,0.7,ABA,KAFLUM
2147,4,0.0538,2,0.7,ABB,KAFLUM
2148,4,0.0538,2,0.8,AAB,DHAPPQ
2149,4,0.0538,2,0.8,ABA,DHAPPQ
2150,4,0.0538,2,0.8,ABB,DHAPPQ
2151,4,0.0538,2,0.8,AAB,KAFLUM
2152,4,0.0538,2,0.8,ABA,KAFLUM
2153,4,0.0538,2,0.8,ABB,KAFLUM
2154,4,0.0538,2,0.9,AAB,DHAPPQ
2155,4,0.0538,2,0.9,ABA,DHAPPQ
2156,4,0.0538,2,0.9,ABB,DHAPPQ
2157,4,0.0538,2,0.9,AAB,KAFLUM
2158,4,0.0538,2,0.9,ABA,KAFLUM
2159,4,0.0538,2,0.9,ABB,KAFLUM
2160,4,0.0538,5,0.6,AAB,DHAPPQ
2161,4,0.0538,5,0.6,ABA,DHAPPQ
2162,4,0.0538,5,0.6,ABB,DHAPPQ
2163,4,0.0538,5,0.6,AAB,KAFLUM
2164,4,0.0538,5,0.6,ABA,KAFLUM
2165,4,0.0538,5,0.6,ABB,KAFLUM
2166,4,0.0538,5,0.7,AAB,DHAPPQ
2167,4,0.0538,5,0.7,ABA,DHAPPQ
2168,4,0.0538,5,0.7,ABB,DHAPPQ
2169,4,0.0538,5,0.7,AAB,KAFLUM
2170,4,0.0538,5,0.7,ABA,KAFLUM
2171,4,0.0538,5,0.7,ABB,KAFLUM
2172,4,0.0538,5,0.8,AAB,DHAPPQ
2173,4,0.0538,5,0.8,ABA,DHAPPQ
2174,4,0.0538,5,0.8,ABB,DHAPPQ
2175,4,0.0538,5,0.8,AAB,KAFLUM
2176,4,0.0538,5,0.8,ABA,KAFLUM
2177,4,0.0538,5,0.8,ABB,KAFLUM
2178,4,0.0538,5,0.9,AAB,DHAPPQ
2179,4,0.0538,5,0.9,ABA,DHAPPQ
2180,4,0.0538,5,0.9,ABB,DHAPPQ
2181,4,0.0538,5,0.9,AAB,KAFLUM
2182,4,0.0538,5,0.9,ABA,KAFLUM
2183,4,0.0538,5,0.9,ABB,KAFLUM
2184,4,0.0538,10,0.6,AAB,DHAPPQ
2185,4,0.0538,10,0.6,ABA,DHAPPQ
2186,4,0.0538,10,0.6,ABB,DHAPPQ
2187,4,0.0538,10,0.6,AAB,KAFLUM
2188,4,0.0538,10,0.6,ABA,KAFLUM
2189,4,0.0538,10,0.6,ABB,KAFLUM
2190,4,0.0538,10,0.7,AAB,DHAPPQ
2191,4,0.0538,10,0.7,ABA,DHAPPQ
2192,4,0.0538,10,0.7,ABB,DHAPPQ
2193,4,0.0538,10,0.7,AAB,KAFLUM
2194,4,0.0538,10,0.7,ABA,KAFLUM
2195,4,0.0538,10,0.7,ABB,KAFLUM
2196,4,0.0538,10,0.8,AAB,DHAPPQ
2197,4,0.0538,10,0.8,ABA,DHAPPQ
2198,4,0.0538,10,0.8,ABB,DHAPPQ
2199,4,0.0538,10,0.8,AAB,KAFLUM
2200,4,0.0538,10,0.8,ABA,KAFLUM
2201,4,0.0538,10,0.8,ABB,KAFLUM
2202,4,0.0538,10,0.9,AAB,DHAPPQ
2203,4,0.0538,10,0.9,ABA,DHAPPQ
2204,4,0.0538,10,0.9,ABB,DHAPPQ
2205,4,0.0538,10,0.9,AAB,KAFLUM
2206,4,0.0538,10,0.9,ABA,KAFLUM
2207,4,0.0538,10,0.9,ABB,KAFLUM
2208,4,0.0508,1,0.6,AAB,DHAPPQ
2209,4,0.0508,1,0.6,ABA,DHAPPQ
2210,4,0.0508,1,0.6,ABB,DHAPPQ
2211,4,0.0508,1,0.6,AAB,KAFLUM
2212,4,0.0508,1,0.6,ABA,KAFLUM
2213,4,0.0508,1,0.6,ABB,KAFLUM
2214,4,0.0508,1,0.7,AAB,DHAPPQ
2215,4,0.0508,1,0.7,ABA,DHAPPQ
2216,4,0.0508,1,0.7,ABB,DHAPPQ
2217,4,0.0508,1,0.7,AAB,KAFLUM
2218,4,0.0508,1,0.7,ABA,KAFLUM
2219,4,0.0508,1,0.7,ABB,KAFLUM
2220,4,0.0508,1,0.8,AAB,DHAPPQ
2221,4,0.0508,1,0.8,ABA,DHAPPQ
2222,4,0.0508,1,0.8,ABB,DHAPPQ
2223,4,0.0508,1,0.8,AAB,KAFLUM
2224,4,0.0508,1,0.8,ABA,KAFLUM
2225,4,0.0508,1,0.8,ABB,KAFLUM
2226,4,0.0508,1,0.9,AAB,DHAPPQ
2227,4,0.0508,1,0.9,ABA,DHAPPQ
2228,4,0.0508,1,0.9,ABB,DHAPPQ
2229,4,0.0508,1,0.9,AAB,KAFLUM
2230,4,0.0508,1,0.9,ABA,KAFLUM
2231,4,0.0508,1,0.9,ABB,KAFLUM
2232,4,0.0508,2,0.6,AAB,DHAPPQ
2233,4,0.0508,2,0.6,ABA,DHAPPQ
2234,4,0.0508,2,0.6,ABB,DHAPPQ
2235,4,0.0508,2,0.6,AAB,KAFLUM
2236,4,0.0508,2,0.6,ABA,KAFLUM
2237,4,0.0508,2,0.6,ABB,KAFLUM
2238,4,0.0508,2,0.7,AAB,DHAPPQ
2239,4,0.0508,2,0.7,ABA,DHAPPQ
2240,4,0.0508,2,0.7,ABB,DHAPPQ
2241,4,0.0508,2,0.7,AAB,KAFLUM
2242,4,0.0508,2,0.7,ABA,KAFLUM
2243,4,0.0508,2,0.7,ABB,KAFLUM
2244,4,0.0508,2,0.8,AAB,DHAPPQ
2245,4,0.0508,2,0.8,ABA,DHAPPQ
2246,4,0.0508,2,0.8,ABB,DHAPPQ
2247,4,0.0508,2,0.8,AAB,KAFLUM
2248,4,0.0508,2,0.8,ABA,KAFLUM
2249,4,0.0508,2,0.8,ABB,KAFLUM
2250,4,0.0508,2,0.9,AAB,DHAPPQ
2251,4,0.0508,2,0.9,ABA,DHAPPQ
2252,4,0.0508,2,0.9,ABB,DHAPPQ
2253,4,0.0508,2,0.9,AAB,KAFLUM
2254,4,0.0508,2,0.9,ABA,KAFLUM
2255,4,0.0508,2,0.9,ABB,KAFLUM
2256,4,0.0508,5,0.6,AAB,DHAPPQ
2257,4,0.0508,5,0.6,ABA,DHAPPQ
2258,4,0.0508,5,0.6,ABB,DHAPPQ
2259,4,0.0508,5,0.6,AAB,KAFLUM
2260,4,0.0508,5,0.6,ABA,KAFLUM
2261,4,0.0508,5,0.6,ABB,KAFLUM
2262,4,0.0508,5,0.7,AAB,DHAPPQ
2263,4,0.0508,5,0.7,ABA,DHAPPQ
2264,4,0.0508,5,0.7,ABB,DHAPPQ
2265,4,0.0508,5,0.7,AAB,KAFLUM
2266,4,0.0508,5,0.7,ABA,KAFLUM
2267,4,0.0508,5,0.7,ABB,KAFLUM
2268,4,0.0508,5,0.8,AAB,DHAPPQ
2269,4,0.0508,5,0.8,ABA,DHAPPQ
2270,4,0.0508,5,0.8,ABB,DHAPPQ
2271,4,0.0508,5,0.8,AAB,KAFLUM
2272,4,0.0508,5,0.8,ABA,KAFLUM
2273,4,0.0508,5,0.8,ABB,KAFLUM
2274,4,0.0508,5,0.9,AAB,DHAPPQ
2275,4,0.0508,5,0.9,ABA,DHAPPQ
2276,4,0.0508,5,0.9,ABB,DHAPPQ
2277,4,0.0508,5,0.9,AAB,KAFLUM
2278,4,0.0508,5,0.9,ABA,KAFLUM
2279,4,0.0508,5,0.9,ABB,KAFLUM
2280,4,0.0508,10,0.6,AAB,DHAPPQ
2281,4,0.0508,10,0.6,ABA,DHAPPQ
2282,4,0.0508,10,0.6,ABB,DHAPPQ
2283,4,0.0508,10,0.6,AAB,KAFLUM
2284,4,0.0508,10,0.6,ABA,KAFLUM
2285,4,0.0508,10,0.6,ABB,KAFLUM
2286,4,0.0508,10,0.7,AAB,DHAPPQ
2287,4,0.0508,10,0.7,ABA,DHAPPQ
2288,4,0.0508,10,0.7,ABB,DHAPPQ
2289,4,0.0508,10,0.7,AAB,KAFLUM
2290,4,0.0508,10,0.7,ABA,KAFLUM
2291,4,0.0508,10,0.7,ABB,KAFLUM
2292,4,0.0508,10,0.8,AAB,DHAPPQ
2293,4,0.0508,10,0.8,ABA,DHAPPQ
2294,4,0.0508,10,0.8,ABB,DHAPPQ
2295,4,0.0508,10,0.8,AAB,KAFLUM
2296,4,0.0508,10,0.8,ABA,KAFLUM
2297,4,0.0508,10,0.8,ABB,KAFLUM
2298,4,0.0508,10,0.9,AAB,DHAPPQ
2299,4,0.0508,10,0.9,ABA,DHAPPQ
2300,4,0.0508,10,0.9,ABB,DHAPPQ
2301,4,0.0508,10,0.9,AAB,KAFLUM
2302,4,0.0508,10,0.9,ABA,KAFLUM
2303,4,0.0508,10,0.9,ABB,KAFLUM
2304,4,0.0475,1,0.6,AAB,DHAPPQ
2305,4,0.0475,1,0.6,ABA,DHAPPQ
2306,4,0.0475,1,0.6,ABB,DHAPPQ
2307,4,0.0475,1,0.6,AAB,KAFLUM
2308,4,0.0475,1,0.6,ABA,KAFLUM
2309,4,0.0475,1,0.6,ABB,KAFLUM
2310,4,0.0475,1,0.7,AAB,DHAPPQ
2311,4,0.0475,1,0.7,ABA,DHAPPQ
2312,4,0.0475,1,0.7,ABB,DHAPPQ
2313,4,0.0475,1,0.7,AAB,KAFLUM
2314,4,0.0475,1,0.7,ABA,KAFLUM
2315,4,0.0475,1,0.7,ABB,KAFLUM
2316,4,0.0475,1,0.8,AAB,DHAPPQ
2317,4,0.0475,1,0.8,ABA,DHAPPQ
2318,4,0.0475,1,0.8,ABB,DHAPPQ
2319,4,0.0475,1,0.8,AAB,KAFLUM
2320,4,0.0475,1,0.8,ABA,KAFLUM
2321,4,0.0475,1,0.8,ABB,KAFLUM
2322,4,0.0475,1,0.9,AAB,DHAPPQ
2323,4,0.0475,1,0.9,ABA,DHAPPQ
2324,4,0.0475,1,0.9,ABB,DHAPPQ
2325,4,0.0475,1,0.9,AAB,KAFLUM
2326,4,0.0475,1,0.9,ABA,KAFLUM
2327,4,0.0475,1,0.9,ABB,KAFLUM
2328,4,0.0475,2,0.6,AAB,DHAPPQ
2329,4,0.0475,2,0.6,ABA,DHAPPQ
2330,4,0.0475,2,0.6,ABB,DHAPPQ
2331,4,0.0475,2,0.6,AAB,KAFLUM
2332,4,0.0475,2,0.6,ABA,KAFLUM
2333,4,0.0475,2,0.6,ABB,KAFLUM
2334,4,0.0475,2,0.7,AAB,DHAPPQ
2335,4,0.0475,2,0.7,ABA,DHAPPQ
2336,4,0.0475,2,0.7,ABB,DHAPPQ
2337,4,0.0475,2,0.7,AAB,KAFLUM
2338,4,0.0475,2,0.7,ABA,KAFLUM
2339,4,0.0475,2,0.7,ABB,KAFLUM
2340,4,0.0475,2,0.8,AAB,DHAPPQ
2341,4,0.0475,2,0.8,ABA,DHAPPQ
2342,4,0.0475,2,0.8,ABB,DHAPPQ
2343,4,0.0475,2,0.8,AAB,KAFLUM
2344,4,0.0475,2,0.8,ABA,KAFLUM
2345,4,0.0475,2,0.8,ABB,KAFLUM
2346,4,0.0475,2,0.9,AAB,DHAPPQ
2347,4,0.0475,2,0.9,ABA,DHAPPQ
2348,4,0.0475,2,0.9,ABB,DHAPPQ
2349,4,0.0475,2,0.9,AAB,KAFLUM
2350,4,0.0475,2,0.9,ABA,KAFLUM
2351,4,0.0475,2,0.9,ABB,KAFLUM
2352,4,0.0475,5,0.6,AAB,DHAPPQ
2353,4,0.0475,5,0.6,ABA,DHAPPQ
2354,4,0.0475,5,0.6,ABB,DHAPPQ
2355,4,0.0475,5,0.6,AAB,KAFLUM
2356,4,0.0475,5,0.6,ABA,KAFLUM
2357,4,0.0475,5,0.6,ABB,KAFLUM
2358,4,0.0475,5,0.7,AAB,DHAPPQ
2359,4,0.0475,5,0.7,ABA,DHAPPQ
2360,4,0.0475,5,0.7,ABB,DHAPPQ
2361,4,0.0475,5,0.7,AAB,KAFLUM
2362,4,0.0475,5,0.7,ABA,KAFLUM
2363,4,0.0475,5,0.7,ABB,KAFLUM
2364,4,0.0475,5,0.8,AAB,DHAPPQ
2365,4,0.0475,5,0.8,ABA,DHAPPQ
2366,4,0.0475,5,0.8,ABB,DHAPPQ
2367,4,0.0475,5,0.8,AAB,KAFLUM
2368,4,0.0475,5,0.8,ABA,KAFLUM
2369,4,0.0475,5,0.8,ABB,KAFLUM
2370,4,0.0475,5,0.9,AAB,DHAPPQ
2371,4,0.0475,5,0.9,ABA,DHAPPQ
2372,4,0.0475,5,0.9,ABB,DHAPPQ
2373,4,0.0475,5,0.9,AAB,KAFLUM
2374,4,0.0475,5,0.9,ABA,KAFLUM
2375,4,0.0475,5,0.9,ABB,KAFLUM
2376,4,0.0475,10,0.6,AAB,DHAPPQ
2377,4,0.0475,10,0.6,ABA,DHAPPQ
2378,4,0.0475,10,0.6,ABB,DHAPPQ
2379,4,0.0475,10,0.6,AAB,KAFLUM
2380,4,0.0475,10,0.6,ABA,KAFLUM
2381,4,0.0475,10,0.6,ABB,KAFLUM
2382,4,0.0475,10,0.7,AAB,DHAPPQ
2383,4,0.0475,10,0.7,ABA,DHAPPQ
2384,4,0.0475,10,0.7,ABB,DHAPPQ
2385,4,0.0475,10,0.7,AAB,KAFLUM
2386,4,0.0475,10,0.7,ABA,KAFLUM
2387,4,0.0475,10,0.7,ABB,KAFLUM
2388,4,0.0475,10,0.8,AAB,DHAPPQ
2389,4,0.0475,10,0.8,ABA,DHAPPQ
2390,4,0.0475,10,0.8,ABB,DHAPPQ
2391,4,0.0475,10,0.8,AAB,KAFLUM
2392,4,0.0475,10,0.8,ABA,KAFLUM
2393,4,0.0475,10,0.8,ABB,KAFLUM
2394,4,0.0475,10,0.9,AAB,DHAPPQ
2395,4,0.0475,10,0.9,ABA,DHAPPQ
2396,4,0.0475,10,0.9,ABB,DHAPPQ
2397,4,0.0475,10,0.9,AAB,KAFLUM
2398,4,0.0475,10,0.9,ABA,KAFLUM
2399,4,0.0475,10,0.9,ABB,KAFLUM
